{"data":{"Basic Information":{"Account Address":{"confidence":1.0,"orig_value":"19 ORONSAY RD GREENWOOD WA 6024","position":[159,368,455,432],"review_required":false,"value":"19 ORONSAY RD GREENWOOD WA 6024"},"Account Name":{"confidence":0.9,"orig_value":"MR C H BENNISON","position":[159,337,398,369],"review_required":false,"value":"MR C H BENNISON"},"Account Number":{"confidence":0.96,"orig_value":"06 6104 10252276","position":[1267,235,1498,266],"review_required":false,"value":"06 6104 10252276"},"Account Type":{"confidence":0,"orig_value":"","position":[],"review_required":true,"value":""},"Bank Name":{"confidence":0,"orig_value":"","position":[],"review_required":true,"value":""},"Closing Balance":{"confidence":1.0,"orig_value":395.43,"position":[1352,385,1447,416],"review_required":false,"value":395.43},"Document Type":{"confidence":1.0,"orig_value":"auto","position":[],"review_required":false,"value":"auto"},"End Date":{"confidence":0.93,"orig_value":"01/13/2018","position":[1343,325,1496,357],"review_required":false,"value":"01/13/2018"},"Multiple Accounts":[],"Opening Balance":{"confidence":0.62,"orig_value":395.43,"position":[1352,385,1447,416],"review_required":true,"value":395.43},"Start Date":{"confidence":0.96,"orig_value":"10/14/2017","position":[1167,325,1318,357],"review_required":false,"value":"10/14/2017"},"Tally Check":{"confidence":0,"orig_value":"Failed","position":[],"review_required":true,"value":"Failed"},"Transactions Table__11":[]},"Error":{"Error Message":{"confidence":0,"orig_value":"For Acc: 0 ERR_OPENING_CLOSING_BALANCE_DISCREPANCY, _01__02__03_","position":[],"review_required":true,"value":"For Acc: 0 ERR_OPENING_CLOSING_BALANCE_DISCREPANCY, _01__02__03_"}},"Transactions":{"Line Items":[{"amount":{"confidence":1.0,"orig_value":"","position":[],"review_required":false,"value":""},"balance":{"confidence":0,"orig_value":2167.29,"position":[1349,1220,1503,1248],"review_required":true,"value":2167.29},"category":{"confidence":1.0,"orig_value":"","position":[],"review_required":false,"value":""},"check_no":{"confidence":1.0,"orig_value":"","position":[],"review_required":false,"value":""},"credit":{"confidence":1.0,"orig_value":"","position":[1113,1183,1284,1253],"review_required":false,"value":""},"date":{"confidence":1.0,"orig_value":"10/15/2017","position":[163,1193,236,1221],"review_required":false,"value":"10/15/2017"},"debit":{"confidence":0,"orig_value":50.0,"position":[1018,1220,1080,1248],"review_required":true,"value":50.0},"description":{"confidence":1.0,"orig_value":"Alinta Sales Pty Ltd NetBank BPAY 2733 0400032246","position":[249,1192,688,1248],"review_required":false,"value":"Alinta Sales Pty Ltd NetBank BPAY 2733 0400032246"},"merchant":{"confidence":1.0,"orig_value":"","position":[],"review_required":false,"value":""},"subcategory":{"confidence":1.0,"orig_value":"","position":[],"review_required":false,"value":""},"type":{"confidence":1.0,"orig_value":"","position":[],"review_required":false,"value":""}},{"amount":{"confidence":1.0,"orig_value":"","position":[],"review_required":false,"value":""},"balance":{"confidence":0,"orig_value":1167.29,"position":[1349,1289,1503,1318],"review_required":true,"value":1167.29},"category":{"confidence":1.0,"orig_value":"","position":[],"review_required":false,"value":""},"check_no":{"confidence":1.0,"orig_value":"","position":[],"review_required":false,"value":""},"credit":{"confidence":1.0,"orig_value":"","position":[1113,1253,1284,1321],"review_required":false,"value":""},"date":{"confidence":1.0,"orig_value":"10/23/2017","position":[163,1261,236,1290],"review_required":false,"value":"10/23/2017"},"debit":{"confidence":0,"orig_value":1000.0,"position":[983,1289,1080,1318],"review_required":true,"value":1000.0},"description":{"confidence":1.0,"orig_value":"VIRGIN MONEY NetBank BPAY 49551 4724373501635385","position":[249,1261,667,1318],"review_required":false,"value":"VIRGIN MONEY NetBank BPAY 49551 4724373501635385"},"merchant":{"confidence":1.0,"orig_value":"","position":[],"review_required":false,"value":""},"subcategory":{"confidence":1.0,"orig_value":"","position":[],"review_required":false,"value":""},"type":{"confidence":1.0,"orig_value":"","position":[],"review_required":false,"value":""}},{"amount":{"confidence":1.0,"orig_value":"","position":[],"review_required":false,"value":""},"balance":{"confidence":0,"orig_value":1097.29,"position":[1349,1331,1503,1359],"review_required":true,"value":1097.29},"category":{"confidence":1.0,"orig_value":"","position":[],"review_required":false,"value":""},"check_no":{"confidence":1.0,"orig_value":"","position":[],"review_required":false,"value":""},"credit":{"confidence":1.0,"orig_value":"","position":[1113,1321,1284,1363],"review_required":false,"value":""},"date":{"confidence":1.0,"orig_value":"10/23/2017","position":[163,1331,236,1359],"review_required":false,"value":"10/23/2017"},"debit":{"confidence":0,"orig_value":70.0,"position":[1018,1331,1080,1359],"review_required":true,"value":70.0},"description":{"confidence":1.0,"orig_value":"Transfer to xx6832 NetBank","position":[249,1331,550,1359],"review_required":false,"value":"Transfer to xx6832 NetBank"},"merchant":{"confidence":1.0,"orig_value":"","position":[],"review_required":false,"value":""},"subcategory":{"confidence":1.0,"orig_value":"","position":[],"review_required":false,"value":""},"type":{"confidence":1.0,"orig_value":"","position":[],"review_required":false,"value":""}},{"amount":{"confidence":1.0,"orig_value":"","position":[],"review_required":false,"value":""},"balance":{"confidence":0,"orig_value":1040.87,"position":[1349,1399,1503,1428],"review_required":true,"value":1040.87},"category":{"confidence":1.0,"orig_value":"","position":[],"review_required":false,"value":""},"check_no":{"confidence":1.0,"orig_value":"","position":[],"review_required":false,"value":""},"credit":{"confidence":1.0,"orig_value":"","position":[1113,1363,1284,1431],"review_required":false,"value":""},"date":{"confidence":1.0,"orig_value":"10/23/2017","position":[163,1371,236,1400],"review_required":false,"value":"10/23/2017"},"debit":{"confidence":0,"orig_value":56.42,"position":[1018,1399,1080,1428],"review_required":true,"value":56.42},"description":{"confidence":1.0,"orig_value":"Direct Debit 180247 SGIO MOT563142623171021","position":[249,1371,529,1428],"review_required":false,"value":"Direct Debit 180247 SGIO MOT563142623171021"},"merchant":{"confidence":1.0,"orig_value":"","position":[],"review_required":false,"value":""},"subcategory":{"confidence":1.0,"orig_value":"","position":[],"review_required":false,"value":""},"type":{"confidence":1.0,"orig_value":"","position":[],"review_required":false,"value":""}},{"amount":{"confidence":1.0,"orig_value":"","position":[],"review_required":false,"value":""},"balance":{"confidence":0,"orig_value":1012.97,"position":[1349,1468,1503,1496],"review_required":true,"value":1012.97},"category":{"confidence":1.0,"orig_value":"","position":[],"review_required":false,"value":""},"check_no":{"confidence":1.0,"orig_value":"","position":[],"review_required":false,"value":""},"credit":{"confidence":1.0,"orig_value":"","position":[1113,1431,1284,1500],"review_required":false,"value":""},"date":{"confidence":1.0,"orig_value":"10/26/2017","position":[163,1441,236,1469],"review_required":false,"value":"10/26/2017"},"debit":{"confidence":0,"orig_value":27.9,"position":[1018,1468,1080,1496],"review_required":true,"value":27.9},"description":{"confidence":1.0,"orig_value":"Direct Debit 165969 JETTS KINGSWAY 201724473788","position":[249,1439,675,1496],"review_required":false,"value":"Direct Debit 165969 JETTS KINGSWAY 201724473788"},"merchant":{"confidence":1.0,"orig_value":"","position":[],"review_required":false,"value":""},"subcategory":{"confidence":1.0,"orig_value":"","position":[],"review_required":false,"value":""},"type":{"confidence":1.0,"orig_value":"","position":[],"review_required":false,"value":""}},{"amount":{"confidence":1.0,"orig_value":"","position":[],"review_required":false,"value":""},"balance":{"confidence":0,"orig_value":1008.97,"position":[1349,1509,1503,1538],"review_required":true,"value":1008.97},"category":{"confidence":1.0,"orig_value":"","position":[],"review_required":false,"value":""},"check_no":{"confidence":1.0,"orig_value":"","position":[],"review_required":false,"value":""},"credit":{"confidence":1.0,"orig_value":"","position":[1113,1500,1284,1541],"review_required":false,"value":""},"date":{"confidence":1.0,"orig_value":"11/01/2017","position":[163,1509,241,1538],"review_required":false,"value":"11/01/2017"},"debit":{"confidence":0,"orig_value":4.0,"position":[1032,1509,1080,1538],"review_required":true,"value":4.0},"description":{"confidence":1.0,"orig_value":"Account Fee","position":[249,1509,384,1538],"review_required":false,"value":"Account Fee"},"merchant":{"confidence":1.0,"orig_value":"","position":[],"review_required":false,"value":""},"subcategory":{"confidence":1.0,"orig_value":"","position":[],"review_required":false,"value":""},"type":{"confidence":1.0,"orig_value":"","position":[],"review_required":false,"value":""}},{"amount":{"confidence":1.0,"orig_value":"","position":[],"review_required":false,"value":""},"balance":{"confidence":0,"orig_value":1048.97,"position":[1349,1578,1503,1606],"review_required":true,"value":1048.97},"category":{"confidence":1.0,"orig_value":"","position":[],"review_required":false,"value":""},"check_no":{"confidence":1.0,"orig_value":"","position":[],"review_required":false,"value":""},"credit":{"confidence":0,"orig_value":40.0,"position":[1165,1578,1227,1606],"review_required":true,"value":40.0},"date":{"confidence":1.0,"orig_value":"11/01/2017","position":[163,1550,241,1578],"review_required":false,"value":"11/01/2017"},"debit":{"confidence":1.0,"orig_value":"","position":[834,1541,1113,1610],"review_required":false,"value":""},"description":{"confidence":1.0,"orig_value":"Direct Credit 421520 JESSICA LAING JL - Internet","position":[249,1549,654,1606],"review_required":false,"value":"Direct Credit 421520 JESSICA LAING JL - Internet"},"merchant":{"confidence":1.0,"orig_value":"","position":[],"review_required":false,"value":""},"subcategory":{"confidence":1.0,"orig_value":"","position":[],"review_required":false,"value":""},"type":{"confidence":1.0,"orig_value":"","position":[],"review_required":false,"value":""}},{"amount":{"confidence":1.0,"orig_value":"","position":[],"review_required":false,"value":""},"balance":{"confidence":0,"orig_value":2048.97,"position":[1349,1619,1503,1648],"review_required":true,"value":2048.97},"category":{"confidence":1.0,"orig_value":"","position":[],"review_required":false,"value":""},"check_no":{"confidence":1.0,"orig_value":"","position":[],"review_required":false,"value":""},"credit":{"confidence":0,"orig_value":1000.0,"position":[1130,1619,1228,1648],"review_required":true,"value":1000.0},"date":{"confidence":1.0,"orig_value":"11/01/2017","position":[163,1619,241,1648],"review_required":false,"value":"11/01/2017"},"debit":{"confidence":1.0,"orig_value":"","position":[834,1610,1113,1651],"review_required":false,"value":""},"description":{"confidence":1.0,"orig_value":"Transfer from xx8727 CommBank app","position":[249,1619,661,1648],"review_required":false,"value":"Transfer from xx8727 CommBank app"},"merchant":{"confidence":1.0,"orig_value":"","position":[],"review_required":false,"value":""},"subcategory":{"confidence":1.0,"orig_value":"","position":[],"review_required":false,"value":""},"type":{"confidence":1.0,"orig_value":"","position":[],"review_required":false,"value":""}},{"amount":{"confidence":1.0,"orig_value":"","position":[],"review_required":false,"value":""},"balance":{"confidence":0,"orig_value":1926.72,"position":[1349,1688,1503,1716],"review_required":true,"value":1926.72},"category":{"confidence":1.0,"orig_value":"","position":[],"review_required":false,"value":""},"check_no":{"confidence":1.0,"orig_value":"","position":[],"review_required":false,"value":""},"credit":{"confidence":1.0,"orig_value":"","position":[1113,1651,1284,1720],"review_required":false,"value":""},"date":{"confidence":1.0,"orig_value":"11/01/2017","position":[163,1660,241,1688],"review_required":false,"value":"11/01/2017"},"debit":{"confidence":0,"orig_value":122.25,"position":[1004,1688,1081,1716],"review_required":true,"value":122.25},"description":{"confidence":1.0,"orig_value":"Direct Debit 000702 HBF - HEALTH 1439123504","position":[249,1659,634,1716],"review_required":false,"value":"Direct Debit 000702 HBF - HEALTH 1439123504"},"merchant":{"confidence":1.0,"orig_value":"","position":[],"review_required":false,"value":""},"subcategory":{"confidence":1.0,"orig_value":"","position":[],"review_required":false,"value":""},"type":{"confidence":1.0,"orig_value":"","position":[],"review_required":false,"value":""}},{"amount":{"confidence":1.0,"orig_value":"","position":[],"review_required":false,"value":""},"balance":{"confidence":0,"orig_value":1226.72,"position":[1348,1757,1502,1786],"review_required":true,"value":1226.72},"category":{"confidence":1.0,"orig_value":"","position":[],"review_required":false,"value":""},"check_no":{"confidence":1.0,"orig_value":"","position":[],"review_required":false,"value":""},"credit":{"confidence":1.0,"orig_value":"","position":[1113,1720,1284,1789],"review_required":false,"value":""},"date":{"confidence":1.0,"orig_value":"11/05/2017","position":[163,1727,240,1755],"review_required":false,"value":"11/05/2017"},"debit":{"confidence":0,"orig_value":700.0,"position":[1004,1757,1081,1786],"review_required":true,"value":700.0},"description":{"confidence":1.0,"orig_value":"Transfer to other Bank NetBank Oronsay","position":[247,1727,593,1786],"review_required":false,"value":"Transfer to other Bank NetBank Oronsay"},"merchant":{"confidence":1.0,"orig_value":"","position":[],"review_required":false,"value":""},"subcategory":{"confidence":1.0,"orig_value":"","position":[],"review_required":false,"value":""},"type":{"confidence":1.0,"orig_value":"","position":[],"review_required":false,"value":""}},{"amount":{"confidence":1.0,"orig_value":"","position":[],"review_required":false,"value":""},"balance":{"confidence":0,"orig_value":1111.72,"position":[1348,1827,1502,1855],"review_required":true,"value":1111.72},"category":{"confidence":1.0,"orig_value":"","position":[],"review_required":false,"value":""},"check_no":{"confidence":1.0,"orig_value":"","position":[],"review_required":false,"value":""},"credit":{"confidence":1.0,"orig_value":"","position":[1113,1789,1284,1858],"review_required":false,"value":""},"date":{"confidence":1.0,"orig_value":"11/07/2017","position":[163,1796,239,1824],"review_required":false,"value":"11/07/2017"},"debit":{"confidence":0,"orig_value":115.0,"position":[1004,1827,1081,1855],"review_required":true,"value":115.0},"description":{"confidence":1.0,"orig_value":"TELSTRA CORP LTD NetBank BPAY 23796 2000353972134","position":[248,1796,727,1855],"review_required":false,"value":"TELSTRA CORP LTD NetBank BPAY 23796 2000353972134"},"merchant":{"confidence":1.0,"orig_value":"","position":[],"review_required":false,"value":""},"subcategory":{"confidence":1.0,"orig_value":"","position":[],"review_required":false,"value":""},"type":{"confidence":1.0,"orig_value":"","position":[],"review_required":false,"value":""}},{"amount":{"confidence":1.0,"orig_value":"","position":[],"review_required":false,"value":""},"balance":{"confidence":0,"orig_value":1083.82,"position":[1348,1897,1502,1925],"review_required":true,"value":1083.82},"category":{"confidence":1.0,"orig_value":"","position":[],"review_required":false,"value":""},"check_no":{"confidence":1.0,"orig_value":"","position":[],"review_required":false,"value":""},"credit":{"confidence":1.0,"orig_value":"","position":[1113,1858,1284,1929],"review_required":false,"value":""},"date":{"confidence":1.0,"orig_value":"11/09/2017","position":[163,1866,239,1894],"review_required":false,"value":"11/09/2017"},"debit":{"confidence":0,"orig_value":27.9,"position":[1018,1897,1080,1925],"review_required":true,"value":27.9},"description":{"confidence":1.0,"orig_value":"Direct Debit 165969 JETTS KINGSWAY 201725516901","position":[249,1866,677,1925],"review_required":false,"value":"Direct Debit 165969 JETTS KINGSWAY 201725516901"},"merchant":{"confidence":1.0,"orig_value":"","position":[],"review_required":false,"value":""},"subcategory":{"confidence":1.0,"orig_value":"","position":[],"review_required":false,"value":""},"type":{"confidence":1.0,"orig_value":"","position":[],"review_required":false,"value":""}},{"amount":{"confidence":1.0,"orig_value":"","position":[],"review_required":false,"value":""},"balance":{"confidence":0,"orig_value":1027.4,"position":[1348,1965,1502,1994],"review_required":true,"value":1027.4},"category":{"confidence":1.0,"orig_value":"","position":[],"review_required":false,"value":""},"check_no":{"confidence":1.0,"orig_value":"","position":[],"review_required":false,"value":""},"credit":{"confidence":1.0,"orig_value":"","position":[1113,1929,1284,1997],"review_required":false,"value":""},"date":{"confidence":1.0,"orig_value":"11/21/2017","position":[163,1935,241,1963],"review_required":false,"value":"11/21/2017"},"debit":{"confidence":0,"orig_value":56.42,"position":[1018,1965,1080,1994],"review_required":true,"value":56.42},"description":{"confidence":1.0,"orig_value":"Direct Debit 180247 SGIO MOT563142623171121","position":[247,1935,533,1994],"review_required":false,"value":"Direct Debit 180247 SGIO MOT563142623171121"},"merchant":{"confidence":1.0,"orig_value":"","position":[],"review_required":false,"value":""},"subcategory":{"confidence":1.0,"orig_value":"","position":[],"review_required":false,"value":""},"type":{"confidence":1.0,"orig_value":"","position":[],"review_required":false,"value":""}},{"amount":{"confidence":1.0,"orig_value":"","position":[],"review_required":false,"value":""},"balance":{"confidence":0,"orig_value":836.7,"position":[1371,2034,1503,2062],"review_required":true,"value":836.7},"category":{"confidence":1.0,"orig_value":"","position":[],"review_required":false,"value":""},"check_no":{"confidence":1.0,"orig_value":"","position":[],"review_required":false,"value":""},"credit":{"confidence":1.0,"orig_value":"","position":[1113,1997,1284,2066],"review_required":false,"value":""},"date":{"confidence":1.0,"orig_value":"11/22/2017","position":[163,2003,239,2032],"review_required":false,"value":"11/22/2017"},"debit":{"confidence":0,"orig_value":190.7,"position":[1004,2034,1081,2062],"review_required":true,"value":190.7},"description":{"confidence":1.0,"orig_value":"Direct Debit 068093 SYNERGY RETAIL B 257300733078","position":[248,2003,697,2062],"review_required":false,"value":"Direct Debit 068093 SYNERGY RETAIL B 257300733078"},"merchant":{"confidence":1.0,"orig_value":"","position":[],"review_required":false,"value":""},"subcategory":{"confidence":1.0,"orig_value":"","position":[],"review_required":false,"value":""},"type":{"confidence":1.0,"orig_value":"","position":[],"review_required":false,"value":""}},{"amount":{"confidence":1.0,"orig_value":"","position":[],"review_required":false,"value":""},"balance":{"confidence":0,"orig_value":808.8,"position":[1371,2103,1503,2132],"review_required":true,"value":808.8},"category":{"confidence":1.0,"orig_value":"","position":[],"review_required":false,"value":""},"check_no":{"confidence":1.0,"orig_value":"","position":[],"review_required":false,"value":""},"credit":{"confidence":1.0,"orig_value":"","position":[1113,2066,1284,2136],"review_required":false,"value":""},"date":{"confidence":1.0,"orig_value":"11/23/2017","position":[163,2073,239,2101],"review_required":false,"value":"11/23/2017"},"debit":{"confidence":0,"orig_value":27.9,"position":[1018,2103,1080,2132],"review_required":true,"value":27.9},"description":{"confidence":1.0,"orig_value":"Direct Debit 165969 JETTS KINGSWAY 201726554790","position":[249,2073,677,2132],"review_required":false,"value":"Direct Debit 165969 JETTS KINGSWAY 201726554790"},"merchant":{"confidence":1.0,"orig_value":"","position":[],"review_required":false,"value":""},"subcategory":{"confidence":1.0,"orig_value":"","position":[],"review_required":false,"value":""},"type":{"confidence":1.0,"orig_value":"","position":[],"review_required":false,"value":""}}],"Transactions Table__1":[{"amount":{"confidence":1.0,"orig_value":"","position":[],"review_required":false,"value":""},"balance":{"confidence":0,"orig_value":804.8,"position":[1370,2979,1500,3008],"review_required":true,"value":804.8},"category":{"confidence":1.0,"orig_value":"","position":[],"review_required":false,"value":""},"check_no":{"confidence":1.0,"orig_value":"","position":[],"review_required":false,"value":""},"credit":{"confidence":1.0,"orig_value":"","position":[1115,2973,1295,3011],"review_required":false,"value":""},"date":{"confidence":1.0,"orig_value":"12/01/2017","position":[163,2979,241,3008],"review_required":false,"value":"12/01/2017"},"debit":{"confidence":0,"orig_value":4.0,"position":[1031,2979,1080,3008],"review_required":true,"value":4.0},"description":{"confidence":1.0,"orig_value":"Account Fee","position":[249,2979,384,3008],"review_required":false,"value":"Account Fee"},"merchant":{"confidence":1.0,"orig_value":"","position":[],"review_required":false,"value":""},"subcategory":{"confidence":1.0,"orig_value":"","position":[],"review_required":false,"value":""},"type":{"confidence":1.0,"orig_value":"","position":[],"review_required":false,"value":""}},{"amount":{"confidence":1.0,"orig_value":"","position":[],"review_required":false,"value":""},"balance":{"confidence":0,"orig_value":844.8,"position":[1370,3048,1500,3076],"review_required":true,"value":844.8},"category":{"confidence":1.0,"orig_value":"","position":[],"review_required":false,"value":""},"check_no":{"confidence":1.0,"orig_value":"","position":[],"review_required":false,"value":""},"credit":{"confidence":0,"orig_value":40.0,"position":[1165,3048,1228,3076],"review_required":true,"value":40.0},"date":{"confidence":1.0,"orig_value":"12/01/2017","position":[163,3020,241,3048],"review_required":false,"value":"12/01/2017"},"debit":{"confidence":1.0,"orig_value":"","position":[935,3011,1115,3080],"review_required":false,"value":""},"description":{"confidence":1.0,"orig_value":"Direct Credit 421520 JESSICA LAING JL - Internet","position":[249,3019,654,3076],"review_required":false,"value":"Direct Credit 421520 JESSICA LAING JL - Internet"},"merchant":{"confidence":1.0,"orig_value":"","position":[],"review_required":false,"value":""},"subcategory":{"confidence":1.0,"orig_value":"","position":[],"review_required":false,"value":""},"type":{"confidence":1.0,"orig_value":"","position":[],"review_required":false,"value":""}},{"amount":{"confidence":1.0,"orig_value":"","position":[],"review_required":false,"value":""},"balance":{"confidence":0,"orig_value":1844.8,"position":[1348,3090,1500,3118],"review_required":true,"value":1844.8},"category":{"confidence":1.0,"orig_value":"","position":[],"review_required":false,"value":""},"check_no":{"confidence":1.0,"orig_value":"","position":[],"review_required":false,"value":""},"credit":{"confidence":0,"orig_value":1000.0,"position":[1130,3090,1228,3118],"review_required":true,"value":1000.0},"date":{"confidence":1.0,"orig_value":"12/01/2017","position":[163,3090,241,3118],"review_required":false,"value":"12/01/2017"},"debit":{"confidence":1.0,"orig_value":"","position":[935,3080,1115,3121],"review_required":false,"value":""},"description":{"confidence":1.0,"orig_value":"Transfer from xx8727 NetBank","position":[249,3090,578,3118],"review_required":false,"value":"Transfer from xx8727 NetBank"},"merchant":{"confidence":1.0,"orig_value":"","position":[],"review_required":false,"value":""},"subcategory":{"confidence":1.0,"orig_value":"","position":[],"review_required":false,"value":""},"type":{"confidence":1.0,"orig_value":"","position":[],"review_required":false,"value":""}},{"amount":{"confidence":1.0,"orig_value":"","position":[],"review_required":false,"value":""},"balance":{"confidence":0,"orig_value":1774.8,"position":[1348,3130,1500,3158],"review_required":true,"value":1774.8},"category":{"confidence":1.0,"orig_value":"","position":[],"review_required":false,"value":""},"check_no":{"confidence":1.0,"orig_value":"","position":[],"review_required":false,"value":""},"credit":{"confidence":1.0,"orig_value":"","position":[1115,3121,1295,3163],"review_required":false,"value":""},"date":{"confidence":1.0,"orig_value":"12/01/2017","position":[163,3130,241,3158],"review_required":false,"value":"12/01/2017"},"debit":{"confidence":0,"orig_value":70.0,"position":[1017,3130,1080,3158],"review_required":true,"value":70.0},"description":{"confidence":1.0,"orig_value":"Transfer to xx6832 NetBank","position":[249,3130,550,3158],"review_required":false,"value":"Transfer to xx6832 NetBank"},"merchant":{"confidence":1.0,"orig_value":"","position":[],"review_required":false,"value":""},"subcategory":{"confidence":1.0,"orig_value":"","position":[],"review_required":false,"value":""},"type":{"confidence":1.0,"orig_value":"","position":[],"review_required":false,"value":""}},{"amount":{"confidence":1.0,"orig_value":"","position":[],"review_required":false,"value":""},"balance":{"confidence":0,"orig_value":1652.55,"position":[1348,3200,1500,3228],"review_required":true,"value":1652.55},"category":{"confidence":1.0,"orig_value":"","position":[],"review_required":false,"value":""},"check_no":{"confidence":1.0,"orig_value":"","position":[],"review_required":false,"value":""},"credit":{"confidence":1.0,"orig_value":"","position":[1115,3163,1295,3232],"review_required":false,"value":""},"date":{"confidence":1.0,"orig_value":"12/01/2017","position":[163,3171,241,3199],"review_required":false,"value":"12/01/2017"},"debit":{"confidence":0,"orig_value":122.25,"position":[1004,3200,1081,3228],"review_required":true,"value":122.25},"description":{"confidence":1.0,"orig_value":"Direct Debit 000702 HBF - HEALTH 1439123504","position":[249,3171,634,3228],"review_required":false,"value":"Direct Debit 000702 HBF - HEALTH 1439123504"},"merchant":{"confidence":1.0,"orig_value":"","position":[],"review_required":false,"value":""},"subcategory":{"confidence":1.0,"orig_value":"","position":[],"review_required":false,"value":""},"type":{"confidence":1.0,"orig_value":"","position":[],"review_required":false,"value":""}},{"amount":{"confidence":1.0,"orig_value":"","position":[],"review_required":false,"value":""},"balance":{"confidence":0,"orig_value":952.55,"position":[1369,3268,1502,3297],"review_required":true,"value":952.55},"category":{"confidence":1.0,"orig_value":"","position":[],"review_required":false,"value":""},"check_no":{"confidence":1.0,"orig_value":"","position":[],"review_required":false,"value":""},"credit":{"confidence":1.0,"orig_value":"","position":[1115,3232,1295,3301],"review_required":false,"value":""},"date":{"confidence":1.0,"orig_value":"12/05/2017","position":[163,3238,240,3266],"review_required":false,"value":"12/05/2017"},"debit":{"confidence":0,"orig_value":700.0,"position":[1004,3268,1081,3297],"review_required":true,"value":700.0},"description":{"confidence":1.0,"orig_value":"Transfer to other Bank NetBank Oronsay","position":[247,3238,593,3297],"review_required":false,"value":"Transfer to other Bank NetBank Oronsay"},"merchant":{"confidence":1.0,"orig_value":"","position":[],"review_required":false,"value":""},"subcategory":{"confidence":1.0,"orig_value":"","position":[],"review_required":false,"value":""},"type":{"confidence":1.0,"orig_value":"","position":[],"review_required":false,"value":""}},{"amount":{"confidence":1.0,"orig_value":"","position":[],"review_required":false,"value":""},"balance":{"confidence":0,"orig_value":101.8,"position":[1370,3338,1500,3366],"review_required":true,"value":101.8},"category":{"confidence":1.0,"orig_value":"","position":[],"review_required":false,"value":""},"check_no":{"confidence":1.0,"orig_value":"","position":[],"review_required":false,"value":""},"credit":{"confidence":1.0,"orig_value":"","position":[1115,3301,1295,3370],"review_required":false,"value":""},"date":{"confidence":1.0,"orig_value":"12/06/2017","position":[163,3307,238,3335],"review_required":false,"value":"12/06/2017"},"debit":{"confidence":0,"orig_value":850.75,"position":[1004,3338,1081,3366],"review_required":true,"value":850.75},"description":{"confidence":1.0,"orig_value":"TAX OFFICE PAYMENTS NetBank BPAY 75556 551004045508468221 ATO tax 2016 to 20","position":[247,3307,767,3366],"review_required":false,"value":"TAX OFFICE PAYMENTS NetBank BPAY 75556 551004045508468221 ATO tax 2016 to 20"},"merchant":{"confidence":1.0,"orig_value":"","position":[],"review_required":false,"value":""},"subcategory":{"confidence":1.0,"orig_value":"","position":[],"review_required":false,"value":""},"type":{"confidence":1.0,"orig_value":"","position":[],"review_required":false,"value":""}},{"amount":{"confidence":1.0,"orig_value":"","position":[],"review_required":false,"value":""},"balance":{"confidence":0,"orig_value":801.8,"position":[1370,3378,1500,3407],"review_required":true,"value":801.8},"category":{"confidence":1.0,"orig_value":"","position":[],"review_required":false,"value":""},"check_no":{"confidence":1.0,"orig_value":"","position":[],"review_required":false,"value":""},"credit":{"confidence":0,"orig_value":700.0,"position":[1151,3378,1228,3407],"review_required":true,"value":700.0},"date":{"confidence":1.0,"orig_value":"12/06/2017","position":[163,3378,240,3407],"review_required":false,"value":"12/06/2017"},"debit":{"confidence":1.0,"orig_value":"","position":[935,3370,1115,3410],"review_required":false,"value":""},"description":{"confidence":1.0,"orig_value":"Transfer from xx8727 NetBank","position":[247,3378,582,3407],"review_required":false,"value":"Transfer from xx8727 NetBank"},"merchant":{"confidence":1.0,"orig_value":"","position":[],"review_required":false,"value":""},"subcategory":{"confidence":1.0,"orig_value":"","position":[],"review_required":false,"value":""},"type":{"confidence":1.0,"orig_value":"","position":[],"review_required":false,"value":""}},{"amount":{"confidence":1.0,"orig_value":"","position":[],"review_required":false,"value":""},"balance":{"confidence":0,"orig_value":686.8,"position":[1370,3447,1500,3475],"review_required":true,"value":686.8},"category":{"confidence":1.0,"orig_value":"","position":[],"review_required":false,"value":""},"check_no":{"confidence":1.0,"orig_value":"","position":[],"review_required":false,"value":""},"credit":{"confidence":1.0,"orig_value":"","position":[1115,3410,1295,3480],"review_required":false,"value":""},"date":{"confidence":1.0,"orig_value":"12/07/2017","position":[163,3419,239,3447],"review_required":false,"value":"12/07/2017"},"debit":{"confidence":0,"orig_value":115.0,"position":[1004,3447,1081,3475],"review_required":true,"value":115.0},"description":{"confidence":1.0,"orig_value":"TELSTRA CORP LTD NetBank BPAY 23796 2000353972134","position":[248,3419,727,3475],"review_required":false,"value":"TELSTRA CORP LTD NetBank BPAY 23796 2000353972134"},"merchant":{"confidence":1.0,"orig_value":"","position":[],"review_required":false,"value":""},"subcategory":{"confidence":1.0,"orig_value":"","position":[],"review_required":false,"value":""},"type":{"confidence":1.0,"orig_value":"","position":[],"review_required":false,"value":""}},{"amount":{"confidence":1.0,"orig_value":"","position":[],"review_required":false,"value":""},"balance":{"confidence":0,"orig_value":658.9,"position":[1369,3517,1502,3545],"review_required":true,"value":658.9},"category":{"confidence":1.0,"orig_value":"","position":[],"review_required":false,"value":""},"check_no":{"confidence":1.0,"orig_value":"","position":[],"review_required":false,"value":""},"credit":{"confidence":1.0,"orig_value":"","position":[1115,3480,1295,3549],"review_required":false,"value":""},"date":{"confidence":1.0,"orig_value":"12/07/2017","position":[163,3486,239,3514],"review_required":false,"value":"12/07/2017"},"debit":{"confidence":0,"orig_value":27.9,"position":[1017,3517,1080,3545],"review_required":true,"value":27.9},"description":{"confidence":1.0,"orig_value":"Direct Debit 165969 JETTS KINGSWAY 201727539277","position":[249,3486,677,3545],"review_required":false,"value":"Direct Debit 165969 JETTS KINGSWAY 201727539277"},"merchant":{"confidence":1.0,"orig_value":"","position":[],"review_required":false,"value":""},"subcategory":{"confidence":1.0,"orig_value":"","position":[],"review_required":false,"value":""},"type":{"confidence":1.0,"orig_value":"","position":[],"review_required":false,"value":""}},{"amount":{"confidence":1.0,"orig_value":"","position":[],"review_required":false,"value":""},"balance":{"confidence":0,"orig_value":602.48,"position":[1369,3586,1502,3615],"review_required":true,"value":602.48},"category":{"confidence":1.0,"orig_value":"","position":[],"review_required":false,"value":""},"check_no":{"confidence":1.0,"orig_value":"","position":[],"review_required":false,"value":""},"credit":{"confidence":1.0,"orig_value":"","position":[1115,3549,1295,3619],"review_required":false,"value":""},"date":{"confidence":1.0,"orig_value":"12/21/2017","position":[163,3556,241,3584],"review_required":false,"value":"12/21/2017"},"debit":{"confidence":0,"orig_value":56.42,"position":[1017,3586,1080,3615],"review_required":true,"value":56.42},"description":{"confidence":1.0,"orig_value":"Direct Debit 180247 SGIO MOT563142623171221","position":[247,3556,533,3615],"review_required":false,"value":"Direct Debit 180247 SGIO MOT563142623171221"},"merchant":{"confidence":1.0,"orig_value":"","position":[],"review_required":false,"value":""},"subcategory":{"confidence":1.0,"orig_value":"","position":[],"review_required":false,"value":""},"type":{"confidence":1.0,"orig_value":"","position":[],"review_required":false,"value":""}},{"amount":{"confidence":1.0,"orig_value":"","position":[],"review_required":false,"value":""},"balance":{"confidence":0,"orig_value":574.58,"position":[1369,3655,1502,3683],"review_required":true,"value":574.58},"category":{"confidence":1.0,"orig_value":"","position":[],"review_required":false,"value":""},"check_no":{"confidence":1.0,"orig_value":"","position":[],"review_required":false,"value":""},"credit":{"confidence":1.0,"orig_value":"","position":[1115,3619,1295,3688],"review_required":false,"value":""},"date":{"confidence":1.0,"orig_value":"12/21/2017","position":[163,3624,239,3653],"review_required":false,"value":"12/21/2017"},"debit":{"confidence":0,"orig_value":27.9,"position":[1017,3655,1080,3683],"review_required":true,"value":27.9},"description":{"confidence":1.0,"orig_value":"Direct Debit 165969 JETTS KINGSWAY 201728541361","position":[249,3624,677,3683],"review_required":false,"value":"Direct Debit 165969 JETTS KINGSWAY 201728541361"},"merchant":{"confidence":1.0,"orig_value":"","position":[],"review_required":false,"value":""},"subcategory":{"confidence":1.0,"orig_value":"","position":[],"review_required":false,"value":""},"type":{"confidence":1.0,"orig_value":"","position":[],"review_required":false,"value":""}},{"amount":{"confidence":1.0,"orig_value":"","position":[],"review_required":false,"value":""},"balance":{"confidence":0,"orig_value":594.58,"position":[1370,3724,1500,3753],"review_required":true,"value":594.58},"category":{"confidence":1.0,"orig_value":"","position":[],"review_required":false,"value":""},"check_no":{"confidence":1.0,"orig_value":"","position":[],"review_required":false,"value":""},"credit":{"confidence":0,"orig_value":20.0,"position":[1165,3724,1228,3753],"review_required":true,"value":20.0},"date":{"confidence":1.0,"orig_value":"12/27/2017","position":[163,3694,239,3722],"review_required":false,"value":"12/27/2017"},"debit":{"confidence":1.0,"orig_value":"","position":[935,3688,1115,3757],"review_required":false,"value":""},"description":{"confidence":1.0,"orig_value":"Direct Credit 106600 CAMERON BROWNING Ool party thanks x","position":[249,3694,742,3753],"review_required":false,"value":"Direct Credit 106600 CAMERON BROWNING Ool party thanks x"},"merchant":{"confidence":1.0,"orig_value":"","position":[],"review_required":false,"value":""},"subcategory":{"confidence":1.0,"orig_value":"","position":[],"review_required":false,"value":""},"type":{"confidence":1.0,"orig_value":"","position":[],"review_required":false,"value":""}},{"amount":{"confidence":1.0,"orig_value":"","position":[],"review_required":false,"value":""},"balance":{"confidence":0,"orig_value":590.58,"position":[1370,3766,1500,3794],"review_required":true,"value":590.58},"category":{"confidence":1.0,"orig_value":"","position":[],"review_required":false,"value":""},"check_no":{"confidence":1.0,"orig_value":"","position":[],"review_required":false,"value":""},"credit":{"confidence":1.0,"orig_value":"","position":[1115,3757,1295,3798],"review_required":false,"value":""},"date":{"confidence":1.0,"orig_value":"01/01/2018","position":[163,3766,237,3794],"review_required":false,"value":"01/01/2018"},"debit":{"confidence":0,"orig_value":4.0,"position":[1031,3766,1080,3794],"review_required":true,"value":4.0},"description":{"confidence":1.0,"orig_value":"Account Fee","position":[249,3766,384,3794],"review_required":false,"value":"Account Fee"},"merchant":{"confidence":1.0,"orig_value":"","position":[],"review_required":false,"value":""},"subcategory":{"confidence":1.0,"orig_value":"","position":[],"review_required":false,"value":""},"type":{"confidence":1.0,"orig_value":"","position":[],"review_required":false,"value":""}},{"amount":{"confidence":1.0,"orig_value":"","position":[],"review_required":false,"value":""},"balance":{"confidence":0,"orig_value":630.58,"position":[1370,3834,1500,3863],"review_required":true,"value":630.58},"category":{"confidence":1.0,"orig_value":"","position":[],"review_required":false,"value":""},"check_no":{"confidence":1.0,"orig_value":"","position":[],"review_required":false,"value":""},"credit":{"confidence":0,"orig_value":40.0,"position":[1165,3834,1228,3863],"review_required":true,"value":40.0},"date":{"confidence":1.0,"orig_value":"01/02/2018","position":[163,3806,237,3835],"review_required":false,"value":"01/02/2018"},"debit":{"confidence":1.0,"orig_value":"","position":[935,3798,1115,3867],"review_required":false,"value":""},"description":{"confidence":1.0,"orig_value":"Direct Credit 421520 JESSICA LAING JL - Internet","position":[249,3806,654,3863],"review_required":false,"value":"Direct Credit 421520 JESSICA LAING JL - Internet"},"merchant":{"confidence":1.0,"orig_value":"","position":[],"review_required":false,"value":""},"subcategory":{"confidence":1.0,"orig_value":"","position":[],"review_required":false,"value":""},"type":{"confidence":1.0,"orig_value":"","position":[],"review_required":false,"value":""}},{"amount":{"confidence":1.0,"orig_value":"","position":[],"review_required":false,"value":""},"balance":{"confidence":0,"orig_value":508.33,"position":[1370,3904,1500,3932],"review_required":true,"value":508.33},"category":{"confidence":1.0,"orig_value":"","position":[],"review_required":false,"value":""},"check_no":{"confidence":1.0,"orig_value":"","position":[],"review_required":false,"value":""},"credit":{"confidence":1.0,"orig_value":"","position":[1115,3867,1295,3936],"review_required":false,"value":""},"date":{"confidence":1.0,"orig_value":"01/02/2018","position":[163,3876,237,3904],"review_required":false,"value":"01/02/2018"},"debit":{"confidence":0,"orig_value":122.25,"position":[1004,3904,1081,3932],"review_required":true,"value":122.25},"description":{"confidence":1.0,"orig_value":"Direct Debit 000702 HBF - HEALTH 1439123504","position":[249,3876,634,3931],"review_required":false,"value":"Direct Debit 000702 HBF - HEALTH 1439123504"},"merchant":{"confidence":1.0,"orig_value":"","position":[],"review_required":false,"value":""},"subcategory":{"confidence":1.0,"orig_value":"","position":[],"review_required":false,"value":""},"type":{"confidence":1.0,"orig_value":"","position":[],"review_required":false,"value":""}},{"amount":{"confidence":1.0,"orig_value":"","position":[],"review_required":false,"value":""},"balance":{"confidence":0,"orig_value":1308.33,"position":[1348,3944,1500,3973],"review_required":true,"value":1308.33},"category":{"confidence":1.0,"orig_value":"","position":[],"review_required":false,"value":""},"check_no":{"confidence":1.0,"orig_value":"","position":[],"review_required":false,"value":""},"credit":{"confidence":0,"orig_value":800.0,"position":[1151,3944,1228,3973],"review_required":true,"value":800.0},"date":{"confidence":1.0,"orig_value":"01/04/2018","position":[163,3944,237,3973],"review_required":false,"value":"01/04/2018"},"debit":{"confidence":1.0,"orig_value":"","position":[935,3936,1115,3977],"review_required":false,"value":""},"description":{"confidence":1.0,"orig_value":"Transfer from xx8727 CommBank app","position":[249,3944,661,3973],"review_required":false,"value":"Transfer from xx8727 CommBank app"},"merchant":{"confidence":1.0,"orig_value":"","position":[],"review_required":false,"value":""},"subcategory":{"confidence":1.0,"orig_value":"","position":[],"review_required":false,"value":""},"type":{"confidence":1.0,"orig_value":"","position":[],"review_required":false,"value":""}},{"amount":{"confidence":1.0,"orig_value":"","position":[],"review_required":false,"value":""},"balance":{"confidence":0,"orig_value":1238.33,"position":[1348,3986,1500,4014],"review_required":true,"value":1238.33},"category":{"confidence":1.0,"orig_value":"","position":[],"review_required":false,"value":""},"check_no":{"confidence":1.0,"orig_value":"","position":[],"review_required":false,"value":""},"credit":{"confidence":1.0,"orig_value":"","position":[1115,3977,1295,4017],"review_required":false,"value":""},"date":{"confidence":1.0,"orig_value":"01/04/2018","position":[163,3986,237,4014],"review_required":false,"value":"01/04/2018"},"debit":{"confidence":0,"orig_value":70.0,"position":[1017,3986,1080,4014],"review_required":true,"value":70.0},"description":{"confidence":1.0,"orig_value":"Transfer to xx6832 CommBank app","position":[249,3986,638,4014],"review_required":false,"value":"Transfer to xx6832 CommBank app"},"merchant":{"confidence":1.0,"orig_value":"","position":[],"review_required":false,"value":""},"subcategory":{"confidence":1.0,"orig_value":"","position":[],"review_required":false,"value":""},"type":{"confidence":1.0,"orig_value":"","position":[],"review_required":false,"value":""}},{"amount":{"confidence":1.0,"orig_value":"","position":[],"review_required":false,"value":""},"balance":{"confidence":0,"orig_value":1210.43,"position":[1348,4054,1500,4082],"review_required":true,"value":1210.43},"category":{"confidence":1.0,"orig_value":"","position":[],"review_required":false,"value":""},"check_no":{"confidence":1.0,"orig_value":"","position":[],"review_required":false,"value":""},"credit":{"confidence":1.0,"orig_value":"","position":[1115,4017,1295,4086],"review_required":false,"value":""},"date":{"confidence":1.0,"orig_value":"01/04/2018","position":[163,4026,237,4055],"review_required":false,"value":"01/04/2018"},"debit":{"confidence":0,"orig_value":27.9,"position":[1017,4054,1080,4082],"review_required":true,"value":27.9},"description":{"confidence":1.0,"orig_value":"Direct Debit 165969 JETTS KINGSWAY 2018270979","position":[249,4025,675,4082],"review_required":false,"value":"Direct Debit 165969 JETTS KINGSWAY 2018270979"},"merchant":{"confidence":1.0,"orig_value":"","position":[],"review_required":false,"value":""},"subcategory":{"confidence":1.0,"orig_value":"","position":[],"review_required":false,"value":""},"type":{"confidence":1.0,"orig_value":"","position":[],"review_required":false,"value":""}},{"amount":{"confidence":1.0,"orig_value":"","position":[],"review_required":false,"value":""},"balance":{"confidence":0,"orig_value":510.43,"position":[1370,4123,1500,4151],"review_required":true,"value":510.43},"category":{"confidence":1.0,"orig_value":"","position":[],"review_required":false,"value":""},"check_no":{"confidence":1.0,"orig_value":"","position":[],"review_required":false,"value":""},"credit":{"confidence":1.0,"orig_value":"","position":[1115,4086,1295,4155],"review_required":false,"value":""},"date":{"confidence":1.0,"orig_value":"01/05/2018","position":[163,4095,237,4123],"review_required":false,"value":"01/05/2018"},"debit":{"confidence":0,"orig_value":700.0,"position":[1004,4123,1081,4151],"review_required":true,"value":700.0},"description":{"confidence":1.0,"orig_value":"Transfer to other Bank NetBank Oronsay","position":[249,4095,588,4151],"review_required":false,"value":"Transfer to other Bank NetBank Oronsay"},"merchant":{"confidence":1.0,"orig_value":"","position":[],"review_required":false,"value":""},"subcategory":{"confidence":1.0,"orig_value":"","position":[],"review_required":false,"value":""},"type":{"confidence":1.0,"orig_value":"","position":[],"review_required":false,"value":""}},{"amount":{"confidence":1.0,"orig_value":"","position":[],"review_required":false,"value":""},"balance":{"confidence":0,"orig_value":395.43,"position":[1370,4192,1500,4221],"review_required":true,"value":395.43},"category":{"confidence":1.0,"orig_value":"","position":[],"review_required":false,"value":""},"check_no":{"confidence":1.0,"orig_value":"","position":[],"review_required":false,"value":""},"credit":{"confidence":1.0,"orig_value":"","position":[1115,4155,1295,4225],"review_required":false,"value":""},"date":{"confidence":1.0,"orig_value":"01/07/2018","position":[163,4164,237,4193],"review_required":false,"value":"01/07/2018"},"debit":{"confidence":0,"orig_value":115.0,"position":[1004,4192,1081,4221],"review_required":true,"value":115.0},"description":{"confidence":1.0,"orig_value":"TELSTRA CORP LTD NetBank BPAY 23796 2000353972134","position":[249,4164,725,4221],"review_required":false,"value":"TELSTRA CORP LTD NetBank BPAY 23796 2000353972134"},"merchant":{"confidence":1.0,"orig_value":"","position":[],"review_required":false,"value":""},"subcategory":{"confidence":1.0,"orig_value":"","position":[],"review_required":false,"value":""},"type":{"confidence":1.0,"orig_value":"","position":[],"review_required":false,"value":""}}]}},"error":"","error_code":"","message":"","meta_data":{"doc_id":"b8d95c8a5a8f4570850c7f5783132c6b","doc_meta_data":"","review_url":"https://app.docsumo.com/review-document/b8d95c8a5a8f4570850c7f5783132c6b","status":"reviewing","title":"commonwealth_bank.pdf","user_doc_id":null,"user_id":"65b16e06c851c4eb9fd47921"},"status":"success","status_code":200}
