{"data":{"Basic Information":{"Account Address":{"confidence":1.0,"orig_value":"","position":[],"review_required":false,"value":""},"Account Name":{"confidence":1.0,"orig_value":"","position":[],"review_required":false,"value":""},"Account Number":{"confidence":1.0,"orig_value":"","position":[],"review_required":false,"value":""},"Account Type":{"confidence":1.0,"orig_value":"","position":[],"review_required":false,"value":""},"Bank Name":{"confidence":1.0,"orig_value":"","position":[],"review_required":false,"value":""},"Closing Balance":{"confidence":1.0,"orig_value":"","position":[],"review_required":false,"value":""},"Document Type":{"confidence":1.0,"orig_value":"auto","position":[],"review_required":false,"value":"auto"},"End Date":{"confidence":1.0,"orig_value":"","position":[],"review_required":false,"value":""},"Multiple Accounts":[],"Opening Balance":{"confidence":1.0,"orig_value":"","position":[],"review_required":false,"value":""},"Start Date":{"confidence":1.0,"orig_value":"","position":[],"review_required":false,"value":""},"Tally Check":{"confidence":1.0,"orig_value":"","position":[],"review_required":false,"value":""}},"Error":{"Error Message":{"confidence":0,"orig_value":"Error in Server","position":[],"review_required":true,"value":"Error in Server"}},"Transactions":{"Line Items":[]}},"error":"","error_code":"","message":"","meta_data":{"doc_id":"da1ed961f41448548b3f7fe8d112863f","doc_meta_data":"","review_url":"https://app.docsumo.com/review-document/da1ed961f41448548b3f7fe8d112863f","status":"reviewing","title":"us_bank.pdf","user_doc_id":null,"user_id":"65b16e06c851c4eb9fd47921"},"status":"success","status_code":200}
