{"data":{"Basic Information":{"Account Address":{"confidence":0.94,"orig_value":"293 STRONE ROAD MANOR PARK(BARKING AND DAGENHAM) LONDON","position":[82,343,623,440],"review_required":false,"value":"293 STRONE ROAD MANOR PARK(BARKING AND DAGENHAM) LONDON"},"Account Name":{"confidence":1.0,"orig_value":"Oleh Beshleu","position":[82,297,321,339],"review_required":false,"value":"Oleh Beshleu"},"Account Number":{"confidence":0.99,"orig_value":"45201526","position":[1077,389,1195,418],"review_required":false,"value":"45201526"},"Account Type":{"confidence":0.73,"orig_value":"Classic statement","position":[82,197,433,247],"review_required":true,"value":"Classic statement"},"Bank Name":{"confidence":0,"orig_value":"","position":[],"review_required":true,"value":""},"Closing Balance":{"confidence":0.99,"orig_value":2062.05,"position":[1220,564,1330,594],"review_required":false,"value":2062.05},"Document Type":{"confidence":1.0,"orig_value":"auto","position":[],"review_required":false,"value":"auto"},"End Date":{"confidence":0.89,"orig_value":"11/30/2019","position":[1323,211,1548,240],"review_required":false,"value":"11/30/2019"},"Multiple Accounts":[],"Opening Balance":{"confidence":0.84,"orig_value":1173.56,"position":[1218,507,1328,537],"review_required":false,"value":1173.56},"Start Date":{"confidence":0.87,"orig_value":"09/01/2019","position":[1053,211,1286,240],"review_required":false,"value":"09/01/2019"},"Tally Check":{"confidence":0,"orig_value":"Failed","position":[],"review_required":true,"value":"Failed"}},"Error":{"Error Message":{"confidence":0,"orig_value":"ERR_TRANSACTION_DISCREPANCY_01__02__03_","position":[],"review_required":true,"value":"ERR_TRANSACTION_DISCREPANCY_01__02__03_"}},"Transactions":{"Line Items":[{"amount":{"confidence":1.0,"orig_value":"","position":[],"review_required":false,"value":""},"balance":{"confidence":1.0,"orig_value":873.56,"position":[1497,777,1578,806],"review_required":false,"value":873.56},"category":{"confidence":1.0,"orig_value":"","position":[],"review_required":false,"value":""},"check_no":{"confidence":1.0,"orig_value":"","position":[],"review_required":false,"value":""},"credit":{"confidence":1.0,"orig_value":"","position":[1081,783,1286,823],"review_required":false,"value":""},"date":{"confidence":1.0,"orig_value":"09/04/2019","position":[83,783,196,812],"review_required":false,"value":"09/04/2019"},"debit":{"confidence":1.0,"orig_value":300.0,"position":[1328,779,1409,809],"review_required":false,"value":300.0},"description":{"confidence":1.0,"orig_value":"LNK COOPERATIVE SW CD 4821 08DEC19","position":[312,777,846,806],"review_required":false,"value":"LNK COOPERATIVE SW CD 4821 08DEC19"},"merchant":{"confidence":1.0,"orig_value":"","position":[],"review_required":false,"value":""},"subcategory":{"confidence":1.0,"orig_value":"","position":[],"review_required":false,"value":""},"type":{"confidence":1.0,"orig_value":"CPT","position":[924,777,977,806],"review_required":false,"value":"CPT"}},{"amount":{"confidence":1.0,"orig_value":"","position":[],"review_required":false,"value":""},"balance":{"confidence":1.0,"orig_value":923.56,"position":[1497,846,1578,876],"review_required":false,"value":923.56},"category":{"confidence":1.0,"orig_value":"","position":[],"review_required":false,"value":""},"check_no":{"confidence":1.0,"orig_value":"","position":[],"review_required":false,"value":""},"credit":{"confidence":1.0,"orig_value":50.0,"position":[1173,838,1240,868],"review_required":false,"value":50.0},"date":{"confidence":1.0,"orig_value":"09/09/2019","position":[83,843,196,873],"review_required":false,"value":"09/09/2019"},"debit":{"confidence":1.0,"orig_value":"","position":[1286,843,1428,890],"review_required":false,"value":""},"description":{"confidence":1.0,"orig_value":"P ADAMCZUK KASA 7420","position":[312,843,631,873],"review_required":false,"value":"P ADAMCZUK KASA 7420"},"merchant":{"confidence":1.0,"orig_value":"","position":[],"review_required":false,"value":""},"subcategory":{"confidence":1.0,"orig_value":"","position":[],"review_required":false,"value":""},"type":{"confidence":1.0,"orig_value":"TFR","position":[924,840,976,870],"review_required":false,"value":"TFR"}},{"amount":{"confidence":1.0,"orig_value":"","position":[],"review_required":false,"value":""},"balance":{"confidence":1.0,"orig_value":921.06,"position":[1497,913,1578,942],"review_required":false,"value":921.06},"category":{"confidence":1.0,"orig_value":"","position":[],"review_required":false,"value":""},"check_no":{"confidence":1.0,"orig_value":"","position":[],"review_required":false,"value":""},"credit":{"confidence":1.0,"orig_value":"","position":[1081,910,1286,956],"review_required":false,"value":""},"date":{"confidence":1.0,"orig_value":"09/11/2019","position":[83,910,196,940],"review_required":false,"value":"09/11/2019"},"debit":{"confidence":1.0,"orig_value":2.5,"position":[1357,913,1408,943],"review_required":false,"value":2.5},"description":{"confidence":1.0,"orig_value":"BARCLAYCARD CD 7420","position":[312,910,623,940],"review_required":false,"value":"BARCLAYCARD CD 7420"},"merchant":{"confidence":1.0,"orig_value":"","position":[],"review_required":false,"value":""},"subcategory":{"confidence":1.0,"orig_value":"","position":[],"review_required":false,"value":""},"type":{"confidence":1.0,"orig_value":"DEB","position":[924,910,979,940],"review_required":false,"value":"DEB"}},{"amount":{"confidence":1.0,"orig_value":"","position":[],"review_required":false,"value":""},"balance":{"confidence":1.0,"orig_value":681.06,"position":[1497,975,1578,1005],"review_required":false,"value":681.06},"category":{"confidence":1.0,"orig_value":"","position":[],"review_required":false,"value":""},"check_no":{"confidence":1.0,"orig_value":"","position":[],"review_required":false,"value":""},"credit":{"confidence":1.0,"orig_value":"","position":[1081,977,1286,1024],"review_required":false,"value":""},"date":{"confidence":1.0,"orig_value":"09/15/2019","position":[83,977,196,1006],"review_required":false,"value":"09/15/2019"},"debit":{"confidence":1.0,"orig_value":240.0,"position":[1330,985,1411,1015],"review_required":false,"value":240.0},"description":{"confidence":1.0,"orig_value":"WESTERN VILLA CD 7420","position":[312,977,636,1006],"review_required":false,"value":"WESTERN VILLA CD 7420"},"merchant":{"confidence":1.0,"orig_value":"","position":[],"review_required":false,"value":""},"subcategory":{"confidence":1.0,"orig_value":"","position":[],"review_required":false,"value":""},"type":{"confidence":1.0,"orig_value":"DEB","position":[924,977,979,1006],"review_required":false,"value":"DEB"}},{"amount":{"confidence":1.0,"orig_value":"","position":[],"review_required":false,"value":""},"balance":{"confidence":1.0,"orig_value":654.37,"position":[1497,1046,1578,1076],"review_required":false,"value":654.37},"category":{"confidence":1.0,"orig_value":"","position":[],"review_required":false,"value":""},"check_no":{"confidence":1.0,"orig_value":"","position":[],"review_required":false,"value":""},"credit":{"confidence":1.0,"orig_value":"","position":[1081,1043,1286,1090],"review_required":false,"value":""},"date":{"confidence":1.0,"orig_value":"09/16/2019","position":[83,1043,196,1073],"review_required":false,"value":"09/16/2019"},"debit":{"confidence":1.0,"orig_value":26.69,"position":[1344,1045,1410,1074],"review_required":false,"value":26.69},"description":{"confidence":1.0,"orig_value":"WINELEAF CD 7420","position":[312,1043,558,1073],"review_required":false,"value":"WINELEAF CD 7420"},"merchant":{"confidence":1.0,"orig_value":"","position":[],"review_required":false,"value":""},"subcategory":{"confidence":1.0,"orig_value":"","position":[],"review_required":false,"value":""},"type":{"confidence":1.0,"orig_value":"DEB","position":[924,1043,979,1073],"review_required":false,"value":"DEB"}},{"amount":{"confidence":1.0,"orig_value":"","position":[],"review_required":false,"value":""},"balance":{"confidence":1.0,"orig_value":454.37,"position":[1497,1113,1578,1143],"review_required":false,"value":454.37},"category":{"confidence":1.0,"orig_value":"","position":[],"review_required":false,"value":""},"check_no":{"confidence":1.0,"orig_value":"","position":[],"review_required":false,"value":""},"credit":{"confidence":1.0,"orig_value":"","position":[1081,1110,1286,1156],"review_required":false,"value":""},"date":{"confidence":1.0,"orig_value":"09/17/2019","position":[83,1110,196,1140],"review_required":false,"value":"09/17/2019"},"debit":{"confidence":1.0,"orig_value":200.0,"position":[1328,1110,1409,1140],"review_required":false,"value":200.0},"description":{"confidence":1.0,"orig_value":"LNK COOPERATIVE SW CD 7420 06DEC19","position":[312,1110,845,1140],"review_required":false,"value":"LNK COOPERATIVE SW CD 7420 06DEC19"},"merchant":{"confidence":1.0,"orig_value":"","position":[],"review_required":false,"value":""},"subcategory":{"confidence":1.0,"orig_value":"","position":[],"review_required":false,"value":""},"type":{"confidence":1.0,"orig_value":"CPT","position":[924,1110,977,1140],"review_required":false,"value":"CPT"}},{"amount":{"confidence":1.0,"orig_value":"","position":[],"review_required":false,"value":""},"balance":{"confidence":1.0,"orig_value":421.34,"position":[1497,1177,1578,1207],"review_required":false,"value":421.34},"category":{"confidence":1.0,"orig_value":"","position":[],"review_required":false,"value":""},"check_no":{"confidence":1.0,"orig_value":"","position":[],"review_required":false,"value":""},"credit":{"confidence":1.0,"orig_value":"","position":[1081,1177,1286,1223],"review_required":false,"value":""},"date":{"confidence":1.0,"orig_value":"09/18/2019","position":[83,1177,196,1207],"review_required":false,"value":"09/18/2019"},"debit":{"confidence":1.0,"orig_value":33.03,"position":[1345,1180,1411,1210],"review_required":false,"value":33.03},"description":{"confidence":1.0,"orig_value":"LV LIFE 03592291015W","position":[312,1177,606,1207],"review_required":false,"value":"LV LIFE 03592291015W"},"merchant":{"confidence":1.0,"orig_value":"","position":[],"review_required":false,"value":""},"subcategory":{"confidence":1.0,"orig_value":"","position":[],"review_required":false,"value":""},"type":{"confidence":1.0,"orig_value":"DD","position":[924,1177,962,1207],"review_required":false,"value":"DD"}},{"amount":{"confidence":1.0,"orig_value":"","position":[],"review_required":false,"value":""},"balance":{"confidence":1.0,"orig_value":390.88,"position":[1497,1246,1578,1276],"review_required":false,"value":390.88},"category":{"confidence":1.0,"orig_value":"","position":[],"review_required":false,"value":""},"check_no":{"confidence":1.0,"orig_value":"","position":[],"review_required":false,"value":""},"credit":{"confidence":1.0,"orig_value":"","position":[1081,1243,1286,1290],"review_required":false,"value":""},"date":{"confidence":1.0,"orig_value":"09/22/2019","position":[83,1243,196,1273],"review_required":false,"value":"09/22/2019"},"debit":{"confidence":1.0,"orig_value":30.46,"position":[1345,1243,1411,1273],"review_required":false,"value":30.46},"description":{"confidence":1.0,"orig_value":"PARK FOOD AND WINE CD 7420","position":[312,1243,720,1273],"review_required":false,"value":"PARK FOOD AND WINE CD 7420"},"merchant":{"confidence":1.0,"orig_value":"","position":[],"review_required":false,"value":""},"subcategory":{"confidence":1.0,"orig_value":"","position":[],"review_required":false,"value":""},"type":{"confidence":1.0,"orig_value":"DEB","position":[924,1243,979,1273],"review_required":false,"value":"DEB"}},{"amount":{"confidence":1.0,"orig_value":"","position":[],"review_required":false,"value":""},"balance":{"confidence":1.0,"orig_value":370.88,"position":[1497,1310,1578,1340],"review_required":false,"value":370.88},"category":{"confidence":1.0,"orig_value":"","position":[],"review_required":false,"value":""},"check_no":{"confidence":1.0,"orig_value":"","position":[],"review_required":false,"value":""},"credit":{"confidence":1.0,"orig_value":"","position":[1081,1310,1286,1356],"review_required":false,"value":""},"date":{"confidence":1.0,"orig_value":"09/22/2019","position":[83,1310,196,1340],"review_required":false,"value":"09/22/2019"},"debit":{"confidence":1.0,"orig_value":20.0,"position":[1347,1310,1413,1340],"review_required":false,"value":20.0},"description":{"confidence":1.0,"orig_value":"LNK COOPERATIVE SW CD 7420 05DEC19","position":[312,1310,845,1340],"review_required":false,"value":"LNK COOPERATIVE SW CD 7420 05DEC19"},"merchant":{"confidence":1.0,"orig_value":"","position":[],"review_required":false,"value":""},"subcategory":{"confidence":1.0,"orig_value":"","position":[],"review_required":false,"value":""},"type":{"confidence":1.0,"orig_value":"CPT","position":[924,1310,977,1340],"review_required":false,"value":"CPT"}},{"amount":{"confidence":1.0,"orig_value":"","position":[],"review_required":false,"value":""},"balance":{"confidence":1.0,"orig_value":170.88,"position":[1497,1377,1578,1407],"review_required":false,"value":170.88},"category":{"confidence":1.0,"orig_value":"","position":[],"review_required":false,"value":""},"check_no":{"confidence":1.0,"orig_value":"","position":[],"review_required":false,"value":""},"credit":{"confidence":1.0,"orig_value":"","position":[1081,1377,1286,1423],"review_required":false,"value":""},"date":{"confidence":1.0,"orig_value":"09/25/2019","position":[83,1377,196,1407],"review_required":false,"value":"09/25/2019"},"debit":{"confidence":1.0,"orig_value":200.0,"position":[1330,1378,1411,1408],"review_required":false,"value":200.0},"description":{"confidence":1.0,"orig_value":"LNK COOPERATIVE SW CD 7420 03DEC19","position":[312,1377,845,1407],"review_required":false,"value":"LNK COOPERATIVE SW CD 7420 03DEC19"},"merchant":{"confidence":1.0,"orig_value":"","position":[],"review_required":false,"value":""},"subcategory":{"confidence":1.0,"orig_value":"","position":[],"review_required":false,"value":""},"type":{"confidence":1.0,"orig_value":"CPT","position":[924,1377,977,1407],"review_required":false,"value":"CPT"}},{"amount":{"confidence":1.0,"orig_value":"","position":[],"review_required":false,"value":""},"balance":{"confidence":1.0,"orig_value":153.45,"position":[1498,1443,1579,1473],"review_required":false,"value":153.45},"category":{"confidence":1.0,"orig_value":"","position":[],"review_required":false,"value":""},"check_no":{"confidence":1.0,"orig_value":"","position":[],"review_required":false,"value":""},"credit":{"confidence":1.0,"orig_value":"","position":[1081,1443,1286,1490],"review_required":false,"value":""},"date":{"confidence":1.0,"orig_value":"09/26/2019","position":[83,1443,196,1473],"review_required":false,"value":"09/26/2019"},"debit":{"confidence":1.0,"orig_value":17.43,"position":[1342,1447,1408,1477],"review_required":false,"value":17.43},"description":{"confidence":1.0,"orig_value":"UBER *TRIP LJSAM","position":[312,1440,561,1470],"review_required":false,"value":"UBER *TRIP LJSAM"},"merchant":{"confidence":1.0,"orig_value":"","position":[],"review_required":false,"value":""},"subcategory":{"confidence":1.0,"orig_value":"","position":[],"review_required":false,"value":""},"type":{"confidence":1.0,"orig_value":"DEB","position":[924,1443,979,1473],"review_required":false,"value":"DEB"}},{"amount":{"confidence":1.0,"orig_value":"","position":[],"review_required":false,"value":""},"balance":{"confidence":1.0,"orig_value":1113.45,"position":[1479,1507,1575,1537],"review_required":false,"value":1113.45},"category":{"confidence":1.0,"orig_value":"","position":[],"review_required":false,"value":""},"check_no":{"confidence":1.0,"orig_value":"","position":[],"review_required":false,"value":""},"credit":{"confidence":1.0,"orig_value":960.0,"position":[1156,1501,1237,1531],"review_required":false,"value":960.0},"date":{"confidence":1.0,"orig_value":"09/29/2019","position":[83,1514,196,1544],"review_required":false,"value":"09/29/2019"},"debit":{"confidence":1.0,"orig_value":"","position":[1286,1514,1428,1556],"review_required":false,"value":""},"description":{"confidence":1.0,"orig_value":"D ROBERTSON","position":[312,1505,506,1535],"review_required":false,"value":"D ROBERTSON"},"merchant":{"confidence":1.0,"orig_value":"","position":[],"review_required":false,"value":""},"subcategory":{"confidence":1.0,"orig_value":"","position":[],"review_required":false,"value":""},"type":{"confidence":1.0,"orig_value":"DEB","position":[924,1509,979,1539],"review_required":false,"value":"DEB"}},{"amount":{"confidence":1.0,"orig_value":"","position":[],"review_required":false,"value":""},"balance":{"confidence":1.0,"orig_value":1096.45,"position":[1483,1579,1578,1609],"review_required":false,"value":1096.45},"category":{"confidence":1.0,"orig_value":"","position":[],"review_required":false,"value":""},"check_no":{"confidence":1.0,"orig_value":"","position":[],"review_required":false,"value":""},"credit":{"confidence":1.0,"orig_value":"","position":[1081,1556,1286,1623],"review_required":false,"value":""},"date":{"confidence":1.0,"orig_value":"10/03/2019","position":[83,1581,198,1611],"review_required":false,"value":"10/03/2019"},"debit":{"confidence":1.0,"orig_value":17.0,"position":[1345,1571,1411,1601],"review_required":false,"value":17.0},"description":{"confidence":1.0,"orig_value":"WINELEAF CD 7420","position":[312,1575,558,1605],"review_required":false,"value":"WINELEAF CD 7420"},"merchant":{"confidence":1.0,"orig_value":"","position":[],"review_required":false,"value":""},"subcategory":{"confidence":1.0,"orig_value":"","position":[],"review_required":false,"value":""},"type":{"confidence":1.0,"orig_value":"DEB","position":[924,1575,979,1605],"review_required":false,"value":"DEB"}},{"amount":{"confidence":1.0,"orig_value":"","position":[],"review_required":false,"value":""},"balance":{"confidence":1.0,"orig_value":1886.45,"position":[1483,1645,1578,1675],"review_required":false,"value":1886.45},"category":{"confidence":1.0,"orig_value":"","position":[],"review_required":false,"value":""},"check_no":{"confidence":1.0,"orig_value":"","position":[],"review_required":false,"value":""},"credit":{"confidence":1.0,"orig_value":790.0,"position":[1160,1646,1241,1676],"review_required":false,"value":790.0},"date":{"confidence":1.0,"orig_value":"10/05/2019","position":[83,1643,198,1673],"review_required":false,"value":"10/05/2019"},"debit":{"confidence":1.0,"orig_value":"","position":[1286,1645,1428,1724],"review_required":false,"value":""},"description":{"confidence":1.0,"orig_value":"KATE EYR G D LTD KEGD RP4679969826950500","position":[312,1643,636,1706],"review_required":false,"value":"KATE EYR G D LTD KEGD RP4679969826950500"},"merchant":{"confidence":1.0,"orig_value":"","position":[],"review_required":false,"value":""},"subcategory":{"confidence":1.0,"orig_value":"","position":[],"review_required":false,"value":""},"type":{"confidence":1.0,"orig_value":"FPI","position":[924,1643,965,1673],"review_required":false,"value":"FPI"}},{"amount":{"confidence":1.0,"orig_value":"","position":[],"review_required":false,"value":""},"balance":{"confidence":1.0,"orig_value":1786.45,"position":[1484,1742,1580,1772],"review_required":false,"value":1786.45},"category":{"confidence":1.0,"orig_value":"","position":[],"review_required":false,"value":""},"check_no":{"confidence":1.0,"orig_value":"","position":[],"review_required":false,"value":""},"credit":{"confidence":1.0,"orig_value":"","position":[1081,1743,1286,1791],"review_required":false,"value":""},"date":{"confidence":1.0,"orig_value":"10/08/2019","position":[83,1743,190,1773],"review_required":false,"value":"10/08/2019"},"debit":{"confidence":1.0,"orig_value":100.0,"position":[1330,1745,1411,1775],"review_required":false,"value":100.0},"description":{"confidence":1.0,"orig_value":"LNK COOPERATIVE SW CD 7420 01DEC19","position":[312,1743,845,1773],"review_required":false,"value":"LNK COOPERATIVE SW CD 7420 01DEC19"},"merchant":{"confidence":1.0,"orig_value":"","position":[],"review_required":false,"value":""},"subcategory":{"confidence":1.0,"orig_value":"","position":[],"review_required":false,"value":""},"type":{"confidence":1.0,"orig_value":"CPT","position":[924,1743,977,1773],"review_required":false,"value":"CPT"}},{"amount":{"confidence":1.0,"orig_value":"","position":[],"review_required":false,"value":""},"balance":{"confidence":1.0,"orig_value":1776.45,"position":[1483,1811,1578,1841],"review_required":false,"value":1776.45},"category":{"confidence":1.0,"orig_value":"","position":[],"review_required":false,"value":""},"check_no":{"confidence":1.0,"orig_value":"","position":[],"review_required":false,"value":""},"credit":{"confidence":1.0,"orig_value":"","position":[1081,1810,1286,1858],"review_required":false,"value":""},"date":{"confidence":1.0,"orig_value":"10/12/2019","position":[83,1810,190,1840],"review_required":false,"value":"10/12/2019"},"debit":{"confidence":1.0,"orig_value":10.0,"position":[1343,1811,1409,1841],"review_required":false,"value":10.0},"description":{"confidence":1.0,"orig_value":"LNK PO MITCHAM LAN CD 7420 30NOV19","position":[312,1810,834,1840],"review_required":false,"value":"LNK PO MITCHAM LAN CD 7420 30NOV19"},"merchant":{"confidence":1.0,"orig_value":"","position":[],"review_required":false,"value":""},"subcategory":{"confidence":1.0,"orig_value":"","position":[],"review_required":false,"value":""},"type":{"confidence":1.0,"orig_value":"CPT","position":[924,1810,977,1840],"review_required":false,"value":"CPT"}},{"amount":{"confidence":1.0,"orig_value":"","position":[],"review_required":false,"value":""},"balance":{"confidence":1.0,"orig_value":1747.55,"position":[1484,1875,1579,1905],"review_required":false,"value":1747.55},"category":{"confidence":1.0,"orig_value":"","position":[],"review_required":false,"value":""},"check_no":{"confidence":1.0,"orig_value":"","position":[],"review_required":false,"value":""},"credit":{"confidence":1.0,"orig_value":"","position":[1081,1858,1286,1924],"review_required":false,"value":""},"date":{"confidence":1.0,"orig_value":"10/12/2019","position":[83,1883,198,1913],"review_required":false,"value":"10/12/2019"},"debit":{"confidence":1.0,"orig_value":28.9,"position":[1343,1880,1409,1910],"review_required":false,"value":28.9},"description":{"confidence":1.0,"orig_value":"MIS BAR MLECZNY CD 7420","position":[312,1877,667,1907],"review_required":false,"value":"MIS BAR MLECZNY CD 7420"},"merchant":{"confidence":1.0,"orig_value":"","position":[],"review_required":false,"value":""},"subcategory":{"confidence":1.0,"orig_value":"","position":[],"review_required":false,"value":""},"type":{"confidence":1.0,"orig_value":"DEB","position":[924,1877,979,1907],"review_required":false,"value":"DEB"}},{"amount":{"confidence":1.0,"orig_value":"","position":[],"review_required":false,"value":""},"balance":{"confidence":1.0,"orig_value":1719.56,"position":[1487,1944,1583,1973],"review_required":false,"value":1719.56},"category":{"confidence":1.0,"orig_value":"","position":[],"review_required":false,"value":""},"check_no":{"confidence":1.0,"orig_value":"","position":[],"review_required":false,"value":""},"credit":{"confidence":1.0,"orig_value":"","position":[1081,1924,1286,1990],"review_required":false,"value":""},"date":{"confidence":1.0,"orig_value":"10/16/2019","position":[83,1950,198,1979],"review_required":false,"value":"10/16/2019"},"debit":{"confidence":1.0,"orig_value":27.99,"position":[1343,1944,1409,1973],"review_required":false,"value":27.99},"description":{"confidence":1.0,"orig_value":"SPORTSDIRECT 252 CD 7420","position":[312,1944,683,1973],"review_required":false,"value":"SPORTSDIRECT 252 CD 7420"},"merchant":{"confidence":1.0,"orig_value":"","position":[],"review_required":false,"value":""},"subcategory":{"confidence":1.0,"orig_value":"","position":[],"review_required":false,"value":""},"type":{"confidence":1.0,"orig_value":"DEB","position":[924,1944,979,1973],"review_required":false,"value":"DEB"}},{"amount":{"confidence":1.0,"orig_value":"","position":[],"review_required":false,"value":""},"balance":{"confidence":0,"orig_value":1849.56,"position":[1487,2012,1583,2041],"review_required":true,"value":1849.56},"category":{"confidence":1.0,"orig_value":"","position":[],"review_required":false,"value":""},"check_no":{"confidence":1.0,"orig_value":"","position":[],"review_required":false,"value":""},"credit":{"confidence":0,"orig_value":860.0,"position":[1160,2011,1241,2041],"review_required":true,"value":860.0},"date":{"confidence":1.0,"orig_value":"10/19/2019","position":[83,2016,198,2046],"review_required":false,"value":"10/19/2019"},"debit":{"confidence":1.0,"orig_value":"","position":[1286,1990,1428,2090],"review_required":false,"value":""},"description":{"confidence":1.0,"orig_value":"KATE EYR G D LTD KEGD RP4679969433992900","position":[312,2010,636,2073],"review_required":false,"value":"KATE EYR G D LTD KEGD RP4679969433992900"},"merchant":{"confidence":1.0,"orig_value":"","position":[],"review_required":false,"value":""},"subcategory":{"confidence":1.0,"orig_value":"","position":[],"review_required":false,"value":""},"type":{"confidence":1.0,"orig_value":"FPI","position":[924,2010,965,2040],"review_required":false,"value":"FPI"}},{"amount":{"confidence":1.0,"orig_value":"","position":[],"review_required":false,"value":""},"balance":{"confidence":1.0,"orig_value":2579.56,"position":[1484,2108,1579,2138],"review_required":false,"value":2579.56},"category":{"confidence":1.0,"orig_value":"","position":[],"review_required":false,"value":""},"check_no":{"confidence":1.0,"orig_value":"","position":[],"review_required":false,"value":""},"credit":{"confidence":1.0,"orig_value":730.0,"position":[1161,2114,1242,2143],"review_required":false,"value":730.0},"date":{"confidence":1.0,"orig_value":"10/22/2019","position":[83,2115,198,2145],"review_required":false,"value":"10/22/2019"},"debit":{"confidence":1.0,"orig_value":"","position":[1286,2108,1428,2158],"review_required":false,"value":""},"description":{"confidence":1.0,"orig_value":"LOYD STREATHAM HIG","position":[312,2109,609,2139],"review_required":false,"value":"LOYD STREATHAM HIG"},"merchant":{"confidence":1.0,"orig_value":"","position":[],"review_required":false,"value":""},"subcategory":{"confidence":1.0,"orig_value":"","position":[],"review_required":false,"value":""},"type":{"confidence":1.0,"orig_value":"CSH","position":[924,2108,980,2138],"review_required":false,"value":"CSH"}},{"amount":{"confidence":1.0,"orig_value":"","position":[],"review_required":false,"value":""},"balance":{"confidence":1.0,"orig_value":2479.56,"position":[1484,2178,1580,2207],"review_required":false,"value":2479.56},"category":{"confidence":1.0,"orig_value":"","position":[],"review_required":false,"value":""},"check_no":{"confidence":1.0,"orig_value":"","position":[],"review_required":false,"value":""},"credit":{"confidence":1.0,"orig_value":"","position":[1081,2182,1286,2229],"review_required":false,"value":""},"date":{"confidence":1.0,"orig_value":"10/23/2019","position":[83,2182,190,2211],"review_required":false,"value":"10/23/2019"},"debit":{"confidence":1.0,"orig_value":100.0,"position":[1332,2174,1413,2203],"review_required":false,"value":100.0},"description":{"confidence":1.0,"orig_value":"A FARAFOSZYN","position":[312,2176,513,2205],"review_required":false,"value":"A FARAFOSZYN"},"merchant":{"confidence":1.0,"orig_value":"","position":[],"review_required":false,"value":""},"subcategory":{"confidence":1.0,"orig_value":"","position":[],"review_required":false,"value":""},"type":{"confidence":1.0,"orig_value":"TFR","position":[924,2176,976,2205],"review_required":false,"value":"TFR"}}],"Transactions Table__1":[{"amount":{"confidence":1.0,"orig_value":"","position":[],"review_required":false,"value":""},"balance":{"confidence":0,"orig_value":246906.0,"position":[1473,2428,1575,2457],"review_required":true,"value":246906.0},"category":{"confidence":1.0,"orig_value":"","position":[],"review_required":false,"value":""},"check_no":{"confidence":1.0,"orig_value":"","position":[],"review_required":false,"value":""},"credit":{"confidence":1.0,"orig_value":"","position":[1088,2416,1295,2478],"review_required":false,"value":""},"date":{"confidence":1.0,"orig_value":"10/23/2019","position":[82,2436,198,2466],"review_required":false,"value":"10/23/2019"},"debit":{"confidence":0,"orig_value":10.5,"position":[1345,2430,1411,2459],"review_required":true,"value":10.5},"description":{"confidence":1.0,"orig_value":"WINELEAF CD 7420","position":[312,2430,558,2459],"review_required":false,"value":"WINELEAF CD 7420"},"merchant":{"confidence":1.0,"orig_value":"","position":[],"review_required":false,"value":""},"subcategory":{"confidence":1.0,"orig_value":"","position":[],"review_required":false,"value":""},"type":{"confidence":1.0,"orig_value":"DEB","position":[924,2430,979,2459],"review_required":false,"value":"DEB"}},{"amount":{"confidence":1.0,"orig_value":"","position":[],"review_required":false,"value":""},"balance":{"confidence":0,"orig_value":2319.06,"position":[1473,2493,1569,2523],"review_required":true,"value":2319.06},"category":{"confidence":1.0,"orig_value":"","position":[],"review_required":false,"value":""},"check_no":{"confidence":1.0,"orig_value":"","position":[],"review_required":false,"value":""},"credit":{"confidence":1.0,"orig_value":"","position":[1088,2478,1295,2545],"review_required":false,"value":""},"date":{"confidence":1.0,"orig_value":"10/24/2019","position":[82,2494,197,2523],"review_required":false,"value":"10/24/2019"},"debit":{"confidence":0,"orig_value":150.0,"position":[1344,2497,1425,2527],"review_required":true,"value":150.0},"description":{"confidence":1.0,"orig_value":"LNK PO MITCHAM LAN CD 7420 11SEP15","position":[312,2497,830,2527],"review_required":false,"value":"LNK PO MITCHAM LAN CD 7420 11SEP15"},"merchant":{"confidence":1.0,"orig_value":"","position":[],"review_required":false,"value":""},"subcategory":{"confidence":1.0,"orig_value":"","position":[],"review_required":false,"value":""},"type":{"confidence":1.0,"orig_value":"CPT","position":[924,2497,977,2527],"review_required":false,"value":"CPT"}},{"amount":{"confidence":1.0,"orig_value":"","position":[],"review_required":false,"value":""},"balance":{"confidence":0,"orig_value":2293.67,"position":[1474,2560,1569,2590],"review_required":true,"value":2293.67},"category":{"confidence":1.0,"orig_value":"","position":[],"review_required":false,"value":""},"check_no":{"confidence":1.0,"orig_value":"","position":[],"review_required":false,"value":""},"credit":{"confidence":1.0,"orig_value":"","position":[1088,2545,1295,2612],"review_required":false,"value":""},"date":{"confidence":1.0,"orig_value":"10/27/2019","position":[82,2560,197,2590],"review_required":false,"value":"10/27/2019"},"debit":{"confidence":0,"orig_value":25.79,"position":[1345,2567,1411,2597],"review_required":true,"value":25.79},"description":{"confidence":1.0,"orig_value":"MCDONALDS CD7420","position":[312,2564,585,2593],"review_required":false,"value":"MCDONALDS CD7420"},"merchant":{"confidence":1.0,"orig_value":"","position":[],"review_required":false,"value":""},"subcategory":{"confidence":1.0,"orig_value":"","position":[],"review_required":false,"value":""},"type":{"confidence":1.0,"orig_value":"DEB","position":[924,2564,979,2593],"review_required":false,"value":"DEB"}},{"amount":{"confidence":1.0,"orig_value":"","position":[],"review_required":false,"value":""},"balance":{"confidence":0,"orig_value":2216.67,"position":[1479,2630,1574,2659],"review_required":true,"value":2216.67},"category":{"confidence":1.0,"orig_value":"","position":[],"review_required":false,"value":""},"check_no":{"confidence":1.0,"orig_value":"","position":[],"review_required":false,"value":""},"credit":{"confidence":1.0,"orig_value":"","position":[1088,2612,1295,2678],"review_required":false,"value":""},"date":{"confidence":1.0,"orig_value":"10/30/2019","position":[82,2627,197,2657],"review_required":false,"value":"10/30/2019"},"debit":{"confidence":0,"orig_value":76.6,"position":[1344,2630,1410,2660],"review_required":true,"value":76.6},"description":{"confidence":1.0,"orig_value":"SUPER CHOICE CD 7420","position":[312,2630,624,2660],"review_required":false,"value":"SUPER CHOICE CD 7420"},"merchant":{"confidence":1.0,"orig_value":"","position":[],"review_required":false,"value":""},"subcategory":{"confidence":1.0,"orig_value":"","position":[],"review_required":false,"value":""},"type":{"confidence":1.0,"orig_value":"DEB","position":[924,2630,979,2660],"review_required":false,"value":"DEB"}},{"amount":{"confidence":1.0,"orig_value":"","position":[],"review_required":false,"value":""},"balance":{"confidence":1.0,"orig_value":2174.07,"position":[1480,2692,1576,2721],"review_required":false,"value":2174.07},"category":{"confidence":1.0,"orig_value":"","position":[],"review_required":false,"value":""},"check_no":{"confidence":1.0,"orig_value":"","position":[],"review_required":false,"value":""},"credit":{"confidence":1.0,"orig_value":"","position":[1088,2678,1295,2747],"review_required":false,"value":""},"date":{"confidence":1.0,"orig_value":"11/05/2019","position":[84,2696,204,2725],"review_required":false,"value":"11/05/2019"},"debit":{"confidence":1.0,"orig_value":42.6,"position":[1342,2700,1409,2729],"review_required":false,"value":42.6},"description":{"confidence":1.0,"orig_value":"TESCO STORES 6765 CD 7420","position":[310,2697,697,2727],"review_required":false,"value":"TESCO STORES 6765 CD 7420"},"merchant":{"confidence":1.0,"orig_value":"","position":[],"review_required":false,"value":""},"subcategory":{"confidence":1.0,"orig_value":"","position":[],"review_required":false,"value":""},"type":{"confidence":1.0,"orig_value":"DEB","position":[923,2698,977,2727],"review_required":false,"value":"DEB"}},{"amount":{"confidence":1.0,"orig_value":"","position":[],"review_required":false,"value":""},"balance":{"confidence":0,"orig_value":2374.07,"position":[1477,2762,1573,2792],"review_required":true,"value":2374.07},"category":{"confidence":1.0,"orig_value":"","position":[],"review_required":false,"value":""},"check_no":{"confidence":1.0,"orig_value":"","position":[],"review_required":false,"value":""},"credit":{"confidence":0,"orig_value":200.12,"position":[1162,2767,1243,2797],"review_required":true,"value":200.12},"date":{"confidence":1.0,"orig_value":"11/06/2019","position":[81,2761,202,2791],"review_required":false,"value":"11/06/2019"},"debit":{"confidence":1.0,"orig_value":"","position":[1295,2747,1448,2817],"review_required":false,"value":""},"description":{"confidence":1.0,"orig_value":"CROY CTRL 773001","position":[311,2764,555,2794],"review_required":false,"value":"CROY CTRL 773001"},"merchant":{"confidence":1.0,"orig_value":"","position":[],"review_required":false,"value":""},"subcategory":{"confidence":1.0,"orig_value":"","position":[],"review_required":false,"value":""},"type":{"confidence":1.0,"orig_value":"DEB","position":[922,2771,976,2801],"review_required":false,"value":"DEB"}},{"amount":{"confidence":1.0,"orig_value":"","position":[],"review_required":false,"value":""},"balance":{"confidence":1.0,"orig_value":2324.07,"position":[1478,2837,1573,2867],"review_required":false,"value":2324.07},"category":{"confidence":1.0,"orig_value":"","position":[],"review_required":false,"value":""},"check_no":{"confidence":1.0,"orig_value":"","position":[],"review_required":false,"value":""},"credit":{"confidence":1.0,"orig_value":"","position":[1088,2817,1295,2890],"review_required":false,"value":""},"date":{"confidence":1.0,"orig_value":"11/07/2019","position":[82,2838,203,2867],"review_required":false,"value":"11/07/2019"},"debit":{"confidence":1.0,"orig_value":50.0,"position":[1343,2839,1409,2869],"review_required":false,"value":50.0},"description":{"confidence":1.0,"orig_value":"VODAFONE LTD 7014378191-1001","position":[310,2839,739,2869],"review_required":false,"value":"VODAFONE LTD 7014378191-1001"},"merchant":{"confidence":1.0,"orig_value":"","position":[],"review_required":false,"value":""},"subcategory":{"confidence":1.0,"orig_value":"","position":[],"review_required":false,"value":""},"type":{"confidence":1.0,"orig_value":"DD","position":[924,2842,963,2871],"review_required":false,"value":"DD"}},{"amount":{"confidence":1.0,"orig_value":"","position":[],"review_required":false,"value":""},"balance":{"confidence":1.0,"orig_value":2124.07,"position":[1479,2910,1575,2939],"review_required":false,"value":2124.07},"category":{"confidence":1.0,"orig_value":"","position":[],"review_required":false,"value":""},"check_no":{"confidence":1.0,"orig_value":"","position":[],"review_required":false,"value":""},"credit":{"confidence":1.0,"orig_value":"","position":[1088,2890,1295,2958],"review_required":false,"value":""},"date":{"confidence":1.0,"orig_value":"11/11/2019","position":[80,2906,200,2936],"review_required":false,"value":"11/11/2019"},"debit":{"confidence":1.0,"orig_value":200.0,"position":[1333,2908,1414,2937],"review_required":false,"value":200.0},"description":{"confidence":1.0,"orig_value":"LOYD ROYDON CENTR CD 7420","position":[311,2908,718,2937],"review_required":false,"value":"LOYD ROYDON CENTR CD 7420"},"merchant":{"confidence":1.0,"orig_value":"","position":[],"review_required":false,"value":""},"subcategory":{"confidence":1.0,"orig_value":"","position":[],"review_required":false,"value":""},"type":{"confidence":1.0,"orig_value":"CPT","position":[925,2906,978,2936],"review_required":false,"value":"CPT"}},{"amount":{"confidence":1.0,"orig_value":"","position":[],"review_required":false,"value":""},"balance":{"confidence":1.0,"orig_value":1874.07,"position":[1479,2975,1575,3005],"review_required":false,"value":1874.07},"category":{"confidence":1.0,"orig_value":"","position":[],"review_required":false,"value":""},"check_no":{"confidence":1.0,"orig_value":"","position":[],"review_required":false,"value":""},"credit":{"confidence":1.0,"orig_value":"","position":[1088,2958,1295,3031],"review_required":false,"value":""},"date":{"confidence":1.0,"orig_value":"11/13/2019","position":[82,2980,203,3009],"review_required":false,"value":"11/13/2019"},"debit":{"confidence":1.0,"orig_value":250.0,"position":[1343,2976,1424,3006],"review_required":false,"value":250.0},"description":{"confidence":1.0,"orig_value":"NIKE FACTORY STORE CD 7420","position":[309,2978,716,3008],"review_required":false,"value":"NIKE FACTORY STORE CD 7420"},"merchant":{"confidence":1.0,"orig_value":"","position":[],"review_required":false,"value":""},"subcategory":{"confidence":1.0,"orig_value":"","position":[],"review_required":false,"value":""},"type":{"confidence":1.0,"orig_value":"DEB","position":[925,2982,980,3012],"review_required":false,"value":"DEB"}},{"amount":{"confidence":1.0,"orig_value":"","position":[],"review_required":false,"value":""},"balance":{"confidence":0,"orig_value":1534.04,"position":[1481,3046,1577,3076],"review_required":true,"value":1534.04},"category":{"confidence":1.0,"orig_value":"","position":[],"review_required":false,"value":""},"check_no":{"confidence":1.0,"orig_value":"","position":[],"review_required":false,"value":""},"credit":{"confidence":1.0,"orig_value":"","position":[1088,3031,1295,3102],"review_required":false,"value":""},"date":{"confidence":1.0,"orig_value":"11/13/2019","position":[82,3047,203,3077],"review_required":false,"value":"11/13/2019"},"debit":{"confidence":0,"orig_value":340.0,"position":[1340,3044,1421,3073],"review_required":true,"value":340.0},"description":{"confidence":1.0,"orig_value":"LOYD STREATHAM HIG","position":[310,3047,608,3077],"review_required":false,"value":"LOYD STREATHAM HIG"},"merchant":{"confidence":1.0,"orig_value":"","position":[],"review_required":false,"value":""},"subcategory":{"confidence":1.0,"orig_value":"","position":[],"review_required":false,"value":""},"type":{"confidence":1.0,"orig_value":"CSH","position":[924,3047,980,3077],"review_required":false,"value":"CSH"}},{"amount":{"confidence":1.0,"orig_value":"","position":[],"review_required":false,"value":""},"balance":{"confidence":1.0,"orig_value":2404.04,"position":[1481,3120,1577,3150],"review_required":false,"value":2404.04},"category":{"confidence":1.0,"orig_value":"","position":[],"review_required":false,"value":""},"check_no":{"confidence":1.0,"orig_value":"","position":[],"review_required":false,"value":""},"credit":{"confidence":1.0,"orig_value":870.0,"position":[1176,3119,1257,3149],"review_required":false,"value":870.0},"date":{"confidence":1.0,"orig_value":"11/14/2019","position":[82,3127,203,3157],"review_required":false,"value":"11/14/2019"},"debit":{"confidence":1.0,"orig_value":"","position":[1295,3102,1448,3218],"review_required":false,"value":""},"description":{"confidence":1.0,"orig_value":".$7( (<5 * ' /7' .(*' 53","position":[310,3122,636,3184],"review_required":false,"value":".$7( (<5 * ' /7' .(*' 53"},"merchant":{"confidence":1.0,"orig_value":"","position":[],"review_required":false,"value":""},"subcategory":{"confidence":1.0,"orig_value":"","position":[],"review_required":false,"value":""},"type":{"confidence":1.0,"orig_value":")3","position":[921,3122,963,3151],"review_required":false,"value":")3"}},{"amount":{"confidence":1.0,"orig_value":"","position":[],"review_required":false,"value":""},"balance":{"confidence":1.0,"orig_value":2347.44,"position":[1478,3230,1573,3260],"review_required":false,"value":2347.44},"category":{"confidence":1.0,"orig_value":"","position":[],"review_required":false,"value":""},"check_no":{"confidence":1.0,"orig_value":"","position":[],"review_required":false,"value":""},"credit":{"confidence":1.0,"orig_value":"","position":[1088,3218,1295,3293],"review_required":false,"value":""},"date":{"confidence":1.0,"orig_value":"11/17/2019","position":[82,3238,203,3268],"review_required":false,"value":"11/17/2019"},"debit":{"confidence":1.0,"orig_value":56.6,"position":[1345,3236,1411,3266],"review_required":false,"value":56.6},"description":{"confidence":1.0,"orig_value":"KINGS TUN CD 7420","position":[304,3237,566,3267],"review_required":false,"value":"KINGS TUN CD 7420"},"merchant":{"confidence":1.0,"orig_value":"","position":[],"review_required":false,"value":""},"subcategory":{"confidence":1.0,"orig_value":"","position":[],"review_required":false,"value":""},"type":{"confidence":1.0,"orig_value":"DEB","position":[923,3237,977,3267],"review_required":false,"value":"DEB"}},{"amount":{"confidence":1.0,"orig_value":"","position":[],"review_required":false,"value":""},"balance":{"confidence":1.0,"orig_value":2177.44,"position":[1479,3308,1575,3338],"review_required":false,"value":2177.44},"category":{"confidence":1.0,"orig_value":"","position":[],"review_required":false,"value":""},"check_no":{"confidence":1.0,"orig_value":"","position":[],"review_required":false,"value":""},"credit":{"confidence":1.0,"orig_value":"","position":[1088,3293,1295,3370],"review_required":false,"value":""},"date":{"confidence":1.0,"orig_value":"11/18/2019","position":[84,3318,204,3348],"review_required":false,"value":"11/18/2019"},"debit":{"confidence":1.0,"orig_value":170.0,"position":[1344,3312,1425,3341],"review_required":false,"value":170.0},"description":{"confidence":1.0,"orig_value":"LNK COOPERATIVE SW CD 7420 17NOV19","position":[312,3310,848,3340],"review_required":false,"value":"LNK COOPERATIVE SW CD 7420 17NOV19"},"merchant":{"confidence":1.0,"orig_value":"","position":[],"review_required":false,"value":""},"subcategory":{"confidence":1.0,"orig_value":"","position":[],"review_required":false,"value":""},"type":{"confidence":1.0,"orig_value":"CPT","position":[923,3312,976,3341],"review_required":false,"value":"CPT"}},{"amount":{"confidence":1.0,"orig_value":"","position":[],"review_required":false,"value":""},"balance":{"confidence":1.0,"orig_value":1991.84,"position":[1481,3382,1577,3411],"review_required":false,"value":1991.84},"category":{"confidence":1.0,"orig_value":"","position":[],"review_required":false,"value":""},"check_no":{"confidence":1.0,"orig_value":"","position":[],"review_required":false,"value":""},"credit":{"confidence":1.0,"orig_value":"","position":[1088,3370,1295,3442],"review_required":false,"value":""},"date":{"confidence":1.0,"orig_value":"11/19/2019","position":[84,3388,205,3418],"review_required":false,"value":"11/19/2019"},"debit":{"confidence":1.0,"orig_value":185.6,"position":[1345,3380,1425,3409],"review_required":false,"value":185.6},"description":{"confidence":1.0,"orig_value":"WESTERN VILLA CD7420","position":[308,3386,626,3416],"review_required":false,"value":"WESTERN VILLA CD7420"},"merchant":{"confidence":1.0,"orig_value":"","position":[],"review_required":false,"value":""},"subcategory":{"confidence":1.0,"orig_value":"","position":[],"review_required":false,"value":""},"type":{"confidence":1.0,"orig_value":"DEB","position":[924,3387,979,3417],"review_required":false,"value":"DEB"}},{"amount":{"confidence":1.0,"orig_value":"","position":[],"review_required":false,"value":""},"balance":{"confidence":1.0,"orig_value":1781.84,"position":[1481,3457,1577,3487],"review_required":false,"value":1781.84},"category":{"confidence":1.0,"orig_value":"","position":[],"review_required":false,"value":""},"check_no":{"confidence":1.0,"orig_value":"","position":[],"review_required":false,"value":""},"credit":{"confidence":1.0,"orig_value":"","position":[1088,3442,1295,3525],"review_required":false,"value":""},"date":{"confidence":1.0,"orig_value":"11/19/2019","position":[85,3466,206,3495],"review_required":false,"value":"11/19/2019"},"debit":{"confidence":1.0,"orig_value":210.0,"position":[1349,3462,1430,3492],"review_required":false,"value":210.0},"description":{"confidence":1.0,"orig_value":"P ADAMCZUK KASA","position":[304,3462,556,3491],"review_required":false,"value":"P ADAMCZUK KASA"},"merchant":{"confidence":1.0,"orig_value":"","position":[],"review_required":false,"value":""},"subcategory":{"confidence":1.0,"orig_value":"","position":[],"review_required":false,"value":""},"type":{"confidence":1.0,"orig_value":"TFR","position":[923,3462,974,3491],"review_required":false,"value":"TFR"}},{"amount":{"confidence":1.0,"orig_value":"","position":[],"review_required":false,"value":""},"balance":{"confidence":1.0,"orig_value":1583.84,"position":[1479,3544,1575,3574],"review_required":false,"value":1583.84},"category":{"confidence":1.0,"orig_value":"","position":[],"review_required":false,"value":""},"check_no":{"confidence":1.0,"orig_value":"","position":[],"review_required":false,"value":""},"credit":{"confidence":1.0,"orig_value":"","position":[1088,3525,1295,3597],"review_required":false,"value":""},"date":{"confidence":1.0,"orig_value":"11/22/2019","position":[85,3546,206,3576],"review_required":false,"value":"11/22/2019"},"debit":{"confidence":1.0,"orig_value":198.0,"position":[1349,3543,1430,3573],"review_required":false,"value":198.0},"description":{"confidence":1.0,"orig_value":"BEDFORD TAVERN CD 7420","position":[310,3544,668,3574],"review_required":false,"value":"BEDFORD TAVERN CD 7420"},"merchant":{"confidence":1.0,"orig_value":"","position":[],"review_required":false,"value":""},"subcategory":{"confidence":1.0,"orig_value":"","position":[],"review_required":false,"value":""},"type":{"confidence":1.0,"orig_value":"DEB","position":[920,3548,975,3578],"review_required":false,"value":"DEB"}},{"amount":{"confidence":1.0,"orig_value":"","position":[],"review_required":false,"value":""},"balance":{"confidence":0,"orig_value":1567.05,"position":[1476,3608,1571,3638],"review_required":true,"value":1567.05},"category":{"confidence":1.0,"orig_value":"","position":[],"review_required":false,"value":""},"check_no":{"confidence":1.0,"orig_value":"","position":[],"review_required":false,"value":""},"credit":{"confidence":1.0,"orig_value":"","position":[1088,3616,1295,3667],"review_required":false,"value":""},"date":{"confidence":1.0,"orig_value":"11/23/2019","position":[84,3616,197,3646],"review_required":false,"value":"11/23/2019"},"debit":{"confidence":0,"orig_value":16.34,"position":[1343,3611,1409,3641],"review_required":true,"value":16.34},"description":{"confidence":1.0,"orig_value":"MCDONALDS DC 7420","position":[309,3612,590,3642],"review_required":false,"value":"MCDONALDS DC 7420"},"merchant":{"confidence":1.0,"orig_value":"","position":[],"review_required":false,"value":""},"subcategory":{"confidence":1.0,"orig_value":"","position":[],"review_required":false,"value":""},"type":{"confidence":1.0,"orig_value":"DEB","position":[921,3615,976,3645],"review_required":false,"value":"DEB"}},{"amount":{"confidence":1.0,"orig_value":"","position":[],"review_required":false,"value":""},"balance":{"confidence":1.0,"orig_value":2527.05,"position":[1485,3689,1580,3719],"review_required":false,"value":2527.05},"category":{"confidence":1.0,"orig_value":"","position":[],"review_required":false,"value":""},"check_no":{"confidence":1.0,"orig_value":"","position":[],"review_required":false,"value":""},"credit":{"confidence":1.0,"orig_value":960.0,"position":[1175,3684,1256,3714],"review_required":false,"value":960.0},"date":{"confidence":1.0,"orig_value":"11/26/2019","position":[84,3686,205,3716],"review_required":false,"value":"11/26/2019"},"debit":{"confidence":1.0,"orig_value":"","position":[1295,3667,1448,3763],"review_required":false,"value":""},"description":{"confidence":1.0,"orig_value":"KATE EYR G D LTD KEGD RP4679966305820600","position":[303,3682,629,3744],"review_required":false,"value":"KATE EYR G D LTD KEGD RP4679966305820600"},"merchant":{"confidence":1.0,"orig_value":"","position":[],"review_required":false,"value":""},"subcategory":{"confidence":1.0,"orig_value":"","position":[],"review_required":false,"value":""},"type":{"confidence":1.0,"orig_value":"FPI","position":[916,3687,957,3717],"review_required":false,"value":"FPI"}},{"amount":{"confidence":1.0,"orig_value":"","position":[],"review_required":false,"value":""},"balance":{"confidence":1.0,"orig_value":2457.05,"position":[1480,3776,1575,3806],"review_required":false,"value":2457.05},"category":{"confidence":1.0,"orig_value":"","position":[],"review_required":false,"value":""},"check_no":{"confidence":1.0,"orig_value":"","position":[],"review_required":false,"value":""},"credit":{"confidence":1.0,"orig_value":"","position":[1088,3782,1295,3837],"review_required":false,"value":""},"date":{"confidence":1.0,"orig_value":"11/27/2019","position":[90,3782,204,3812],"review_required":false,"value":"11/27/2019"},"debit":{"confidence":1.0,"orig_value":70.0,"position":[1349,3776,1415,3806],"review_required":false,"value":70.0},"description":{"confidence":1.0,"orig_value":"LNK WEST NORWOOD 1 CD 7420 27NOV19","position":[306,3775,851,3805],"review_required":false,"value":"LNK WEST NORWOOD 1 CD 7420 27NOV19"},"merchant":{"confidence":1.0,"orig_value":"","position":[],"review_required":false,"value":""},"subcategory":{"confidence":1.0,"orig_value":"","position":[],"review_required":false,"value":""},"type":{"confidence":1.0,"orig_value":"CPT","position":[918,3779,971,3809],"review_required":false,"value":"CPT"}},{"amount":{"confidence":1.0,"orig_value":"","position":[],"review_required":false,"value":""},"balance":{"confidence":0,"orig_value":2324.05,"position":[1478,3855,1573,3885],"review_required":true,"value":2324.05},"category":{"confidence":1.0,"orig_value":"","position":[],"review_required":false,"value":""},"check_no":{"confidence":1.0,"orig_value":"","position":[],"review_required":false,"value":""},"credit":{"confidence":1.0,"orig_value":"","position":[1088,3837,1295,3914],"review_required":false,"value":""},"date":{"confidence":1.0,"orig_value":"11/28/2019","position":[84,3859,205,3889],"review_required":false,"value":"11/28/2019"},"debit":{"confidence":0,"orig_value":133.45,"position":[1346,3858,1427,3888],"review_required":true,"value":133.45},"description":{"confidence":1.0,"orig_value":"DELIGHT CD 7420","position":[307,3856,533,3886],"review_required":false,"value":"DELIGHT CD 7420"},"merchant":{"confidence":1.0,"orig_value":"","position":[],"review_required":false,"value":""},"subcategory":{"confidence":1.0,"orig_value":"","position":[],"review_required":false,"value":""},"type":{"confidence":1.0,"orig_value":"DEB","position":[921,3860,976,3890],"review_required":false,"value":"DEB"}},{"amount":{"confidence":1.0,"orig_value":"","position":[],"review_required":false,"value":""},"balance":{"confidence":1.0,"orig_value":2062.05,"position":[1476,3929,1572,3959],"review_required":false,"value":2062.05},"category":{"confidence":1.0,"orig_value":"","position":[],"review_required":false,"value":""},"check_no":{"confidence":1.0,"orig_value":"","position":[],"review_required":false,"value":""},"credit":{"confidence":1.0,"orig_value":"","position":[1088,3914,1295,3983],"review_required":false,"value":""},"date":{"confidence":1.0,"orig_value":"11/29/2019","position":[87,3932,208,3962],"review_required":false,"value":"11/29/2019"},"debit":{"confidence":1.0,"orig_value":262.0,"position":[1348,3926,1429,3956],"review_required":false,"value":262.0},"description":{"confidence":1.0,"orig_value":"Amazon UK Marketpl CD 7420","position":[306,3928,669,3958],"review_required":false,"value":"Amazon UK Marketpl CD 7420"},"merchant":{"confidence":1.0,"orig_value":"","position":[],"review_required":false,"value":""},"subcategory":{"confidence":1.0,"orig_value":"","position":[],"review_required":false,"value":""},"type":{"confidence":1.0,"orig_value":"DEB","position":[920,3926,974,3956],"review_required":false,"value":"DEB"}}]}},"error":"","error_code":"","message":"","meta_data":{"doc_id":"1217f0b054c34f9583fc242c2002bc44","doc_meta_data":"","review_url":"https://app.docsumo.com/review-document/1217f0b054c34f9583fc242c2002bc44","status":"reviewing","title":"lloyds_bank.pdf","user_doc_id":null,"user_id":"65b16e06c851c4eb9fd47921"},"status":"success","status_code":200}
